0,03098741-08b3-4dd7-b3f6-1b0bfa2c879c
1,69c4cc43-8163-41c5-ac81-30946d27bb69
2,7a2e6b55-f149-4e74-be6a-30a1b1a387bb
3,7002bf88-1269-4965-a772-4ba1e7a91eaa
4,dbf7c761-e332-467b-b4d9-aafe06bbcf8f
5,a3cb23fc-acd3-4ce0-8f36-1e5aa6a18432
6,8b0f05ce-354e-4121-9e0b-8b4732ea844f
7,8363f94f-fd86-41b8-a56b-26eacb34f499
8,2e41ae9c-afd2-4f20-8f1e-17281ce9b472
9,c17f08f4-2542-46fb-97f3-3202d60c225a
10,4bd95eea-b9f6-4d70-a36c-cfea77431553
11,f467181e-d5e0-4285-b47e-e853dcc89ee7
12,4d9fb84a-8104-48c1-aa16-21f53c9053cc
13,3ff72a59-f39d-411d-9f93-2d4a86413013
14,5f58803e-8c4c-478e-8b51-477f38483ede
15,ff9deaae-da4f-42b7-a19e-36fedd3fc706
16,3231d12a-c42d-4977-b2a4-a6e4d87978e1
17,756cf672-d4ae-4470-a3af-a43d776a211d
18,8ca01f46-53ac-4af2-8516-55a909c0905e
19,a0ef7e1d-44ff-4039-9435-7d5fefdeecc9
20,c83907ee-8b5a-4547-8f68-96572243ea7f
21,dbbc47a5-1338-4830-9298-a8d0b11c0a46
22,f4a31f0a-51dd-4fa7-986d-3095c40c5ed9
23,a9965383-6bdd-49a3-a4bb-4f8008b9d80e
24,c1e5344e-1bff-4727-9417-a4f55e41b5ff
25,b5a31e9b-1fa2-45f9-91f5-b3a25fb38038
26,96c1edac-1011-4cb8-882c-27248de35071
27,370bd5a3-4abf-4356-8576-3a8fc0c11d65
28,1a120ec5-35b3-4f3e-aa49-7201550d9feb
29,2819834e-4e08-47b0-a2c4-b7672318e8f0
30,ffb2d3e3-a4cc-48cf-8fb0-f2f846e9d7b9
31,cc546218-cc08-4ae9-9592-ac1596c1470d
32,35dac7d2-0b1f-470f-9a5a-c53c8821f6d6
33,80b3cf5e-18fe-4c59-98c7-e5bb87210710
34,11780147-21c2-4060-abf5-b0804119ef50
35,8c32bb01-58a3-453b-8050-8c0620edb0e5
36,ea0f2a37-7007-4217-a812-396227f5013a
37,4cbbf0d6-6c78-4e3d-ab25-91b13603cf7c
38,e9aca1a3-836a-4e5e-b8d4-56d20c60af5f
39,8fb6c00f-61d8-4f27-98f9-53e1ba481626
40,7a519099-d4c8-46c8-805b-214dab0e58a2
41,be407b02-f3e6-4ed5-9489-f8e5f0ab36dc
42,84eac621-1c5a-49a1-9500-555099c6e184
43,54b0584e-4e5e-4976-80d4-eea7a82a7213
44,9a3bf45c-347d-4630-894d-7cf3e8e0b632
45,81b96954-da0d-4d8f-a7fa-cbc77ae88a34
46,32567eb3-aeca-467f-8b89-a69b11fcb781
47,bc710bcf-8815-42cf-bad2-3f1d12246aeb
48,6b66dd3a-d88b-4732-bc13-359d8964b7f2
49,9f2524e1-cda1-4304-941e-ebb448d32a16
50,e6e879c0-3d56-4f12-b3c5-3ce459661a8e
51,88e2147d-0332-46f6-85b2-b5f463ba957b
52,c48d4327-8122-4286-af66-05e1ee6ac4d8
53,9072df14-b61e-42e2-b4f4-6bbb7fdb5586
54,13655113-cd16-4b43-9dca-cadbbf26ee05
55,d2f4a968-1f6e-4a4a-9376-ee2b2a50c87a
56,d339efbb-77b9-4147-ba9e-59f2f24550b2
57,60530915-9371-4b16-bc31-5c4456317ae0
58,f46bd570-5768-462e-b84c-c7c993bbf47e
59,535707ce-ad97-4b73-946e-9ca27869fd3c
60,f1a95c6b-fb2a-41a6-bfcb-2453fee2a38c
61,ba03daa8-0a45-4432-881f-4de8e0e05305
62,a9100753-f539-43cf-bcc9-579566fb512e
63,0d8b0d50-e4cf-4da4-965d-f24c58ec3268
64,afe5e238-d248-4da4-87b7-e70dfab787f6
65,13df2a46-f72f-40e7-aa63-26fcf62c7048
66,8a0c3b86-af55-42d2-85b9-6372e7430986
67,c1d4f2ba-cf39-460c-9528-6b827d3417a1
68,82dc508a-dbda-4954-aedc-28895edfa42e
69,57f89cad-d2ef-48df-9119-8287b106716a
70,1d11e2a1-4531-4d61-a8c7-7b5c6a608fd2
71,444f2191-8841-440e-bbc1-6fd564893946
72,650e7db6-b795-4eb5-a702-5ea2fc46c848
73,bc68928b-fbb5-4aac-baae-52ba49202372
74,44f49e8d-125c-47d4-bab1-37a8a46c5eb9
75,8c90ad8c-9150-4c51-a1eb-342232e99d06
76,811900b2-68fc-4d41-8bad-69b7a1f4d628
77,b15ebd71-a252-417d-9e1c-3e6863da68f8
78,ad92dd9c-56ef-4443-b2c0-ff2f7d9cca49
79,c2c70ed6-5f10-445c-969f-2c16bc9a4c2e
80,601f8530-9009-4f73-94fb-a355b4497b70
81,cf0f4547-ffbd-4011-98ad-0bec9ba022db
82,449d58a3-3a99-4a8c-9611-d3654849f4f6
83,3abc3eb1-7318-41d2-a52b-cbe14a14d8a0
84,3648db01-b29d-4ab9-835c-83f6a5068fe4
85,db612997-f11e-424d-8b41-cf410a433656
86,4449ccf6-c948-4d33-aa97-b6ad98ce4b5b
87,da90b5da-349e-4906-a0b4-805f5e46190d
88,e0e1db18-f7ba-4dee-95ff-7ae8cf545460
89,7f5dde96-1573-4491-9673-f03fe7c5caaa
90,9e0e2b01-41db-4008-bd8b-988977d6019a
91,d41a6875-b626-4c0f-89a1-aecb643d29ff
92,fd1a2d9d-9bb6-44de-83a3-41560658aba9
93,479497d4-e7c2-4e78-972e-56e78fac3995
94,3e30aebd-0557-4cfd-8fb9-3945afa5d72b
95,763e1b10-0e76-4e4e-8ea6-b883171c7829
96,b972f589-fb0e-474e-b64a-803b0364fa75
97,d3fa206b-a8ff-4b53-a0e2-83aa19a40c66
98,f27ec8db-af05-4f36-916e-3d57f91ecf5e
99,774666d2-2064-4d6c-856c-f8cda0aaf9f0
100,bf0f7e29-dfe1-416c-b5c6-f9ebc19ea810
101,61604b45-8a91-4e33-a1b6-45d7b1fec4e5
102,746737be-e792-42bb-b18c-fb46d7935d7a
103,b755836a-0cb6-4577-a678-55a5a6402d70
104,b9472588-93f3-4922-a1a2-74082cdf9ce8
105,8777a849-fb4e-4430-9918-170f619c5286
106,76c9a186-75bd-436a-85c0-823e3efddb7f
107,9bf79f68-c064-44a1-8c2c-5764f1d7c016
108,ba99a190-6065-4930-be3d-55ecc48e365d
109,f1b1cf71-bd35-4e99-8624-24a6e15f133a
110,854a1807-025b-42a8-ba8c-2a39717f1d25
111,d4ad0149-d8ae-4105-8009-0221fce9ff35
112,1582a5b8-538e-45e7-9ae4-4099439a0e79
113,3d970489-518b-4c05-9dee-26e182823649
114,e0ededb4-6085-4f68-90f7-89bc560930a3
115,429f9fbf-0a0b-4a9e-a88c-94d48aa466ed
116,3bcff06f-675a-451f-9075-99e8657047e8
117,b071f9fa-14b0-4217-8e97-eb41da73f598
118,61cd6f2a-cdde-4f34-aacd-b992badcacba
119,68ec1b08-3c2e-40b3-b0af-8f323743fdff
120,7746d775-9550-4360-b8d5-c37bd448ce01
121,18e9bfd5-db23-4bc1-be0f-5710e5d656e4
122,db4624cf-0e44-481e-a9dc-2142b833ec2f
123,96fafb0a-2f1d-4b15-b2a0-9e0e660e7ecf
124,b1e23ada-a7eb-42d7-91ec-67a43bead43a
125,eb3f70ce-f226-428f-8d7f-046c8dbfd98f
126,bfaf9b70-d1fd-4d3e-b730-3e67e6f8f9bb
127,49c4378b-3c36-4c5a-8999-8d936e74f39b
128,46d18823-6a15-49ee-8376-c5f7a49530a6
129,fa3b825f-7c85-4377-b393-d28a2016e293
130,6c8fd0be-d961-454c-aee0-4366a6dbc993
131,5403bf6e-bc1d-4e62-b31f-926a2bf66a14
132,6cbe1e63-5895-4168-ac7e-f0d2836ba0c1
133,113e0972-077f-423b-9b5f-3cc8a5bafa0f
134,5aeb21a3-4606-4a0d-8369-50c768d1e99a
135,8538e728-ca0b-4321-b7e5-cff6565dd4c0
136,164f0d73-1234-4e2c-8743-d77bf2191051
137,9f94e88e-cb13-48b2-8c3d-6ff1181aca80
138,3b1c66fb-98ad-417f-b01e-49baf37f06a3
139,8c5755b4-2de6-4158-bca9-e354cbf07437
140,f3bf61f8-97d4-4e52-a73d-2ddbbe8196c8
141,8a3e1c4f-59a8-457a-826c-fe961419a8ae
142,3697647f-1839-479e-98a1-9ad39004d923
143,4d5447d7-c61c-4120-ba1b-d7f471d385b9
144,a466c2a2-6517-42fb-a160-1087c3bafd9f
145,5fc21e44-d663-495a-b16a-7cc641af5deb
146,2ba31cc4-df9e-4c21-9dbc-bb8fa9af424f
147,67f66c07-6e61-4026-ade5-7e782fad3a5d
148,d8354b38-e942-4c89-ba93-29323432abc3
149,c0a1179b-b14a-4d68-a3c1-1fdab16ed602
150,9efff43b-3b29-4082-824e-bc82f646f93d
151,2aaf7396-6ab8-40f3-9776-a41c42c8e26b
152,8f6bd1e4-fbe1-4f50-aa9b-94c450ec0f11
153,6f607087-9c46-4bb2-a884-e4efc764554c
154,f0e820ab-f31a-400d-9c5e-8be1c8c38726
155,f3430779-bbec-437b-944d-1fbf45d2e786
156,b929c0c9-5de0-4d87-8eb9-365ad1725629
157,0741b30d-e15b-4a8c-b2e5-8834a03d6116
158,83e59f23-3b0b-4304-834d-5bcafd5df6d2
159,4c01333f-e8e8-43bd-9923-8de83ef6f63d
160,b88ca659-0393-4a62-abd8-f290e6c7a7e2
161,4a00ec9d-c635-463a-8cd4-eb61725f0c60
162,8f2422ab-0ec6-4c92-80c4-afe9622fab32
163,23228f18-01d5-493e-94ce-cfcde82a8db2
164,04591295-6d94-45cb-b6c7-1ae17c6f380e
165,16e1fb95-6d1c-45a3-aad8-d3bcd7e06aac
166,0f3515b0-75c9-46c9-b26c-4cd05d26eae7
167,d4a1404d-e00c-4bac-b3ba-e3557f6468d6
168,b3b5ceef-0d3e-4191-a621-5e97d6ed3d97
169,20e264d7-b4d5-4e49-8931-a9c67ff07f04
170,b45335d1-5219-4262-a44d-936aa36eeaed
171,337e30b6-3dbe-44f2-a3fd-84a80abdb5a1
172,680ba421-a0ec-4e68-96c2-5f092a11fe5b
173,e162b2eb-6a42-4240-8c1b-c94d9a0acb73
174,e31baede-2d5c-401d-aae6-4e7b8e4b2011
175,fb5ee67e-e31a-40cf-8b06-5f1a0f53529a
176,5c6f8874-cb53-4f4d-9168-cc2af8c7ecf9
177,74ba575f-3420-4d62-8e48-ac473d3c4282
178,ac70f34d-95fd-40ed-b436-f5402fb5ffb8
179,a992aada-7108-455d-9747-0b7b6a089e8d
180,401c3991-b76b-499d-8082-9f2df958ef78
181,82b304c0-7da4-45d3-896a-0767c7ae1141
182,204db5a8-78f1-4078-801f-ae8f456eeb60
183,c0eee88b-47f2-4cd2-ac48-a045e902a432
184,32a92586-6f9f-4882-b168-97fd60a99b6d
185,a8754ac4-a85e-4f48-a81f-eecd482570ef
186,83b9cbe7-9857-49e2-ab8e-b57b01038103
187,8eae1e0a-1696-4532-9e3c-0a072217ef4c
188,928303db-cf05-4b19-b11c-d3e5cec36915
189,c787a7a5-e143-4ba6-86df-fab2354dcd44
190,882d41ca-194d-405a-bfc5-b698ccfd77b4
191,4b1a830b-0a1f-42e5-b8d5-1d6743912e99
192,802f09ca-3f3f-4fc1-a5fc-0e8bebc15f62
193,65041e06-83d2-4987-ae52-c17a915fc82a
194,b7ec4c54-1f93-4bf2-957f-7b9921ab84ea
195,12be5b16-915f-44bc-978a-8ddfab235b79
196,0a41f86c-ced1-44e0-95a2-5c8b2368ab1d
197,d7134426-a937-43bf-bc54-f10ad8102ed9
198,304cdd9d-a04e-4eb2-865c-980a553a0efd
199,8f3f7fec-cabf-4366-9c31-06f204b402f5
200,67d2cb7a-9ddb-4a7f-82bf-5a2d1a038e98
201,8f389bf5-a950-4a2f-a962-daf08151ee33
202,77cceea7-91bb-4a4c-ae41-bc9c46c1ccb5
203,71bd1152-5ee2-4919-80d7-d269dfd48a55
204,dfa715ac-b536-44df-af43-570d3ea3edec
205,c55193fb-f5d2-4839-a263-4c044fca1456
206,44cf61b8-5197-448a-b82b-cef6ee89fac5
207,2b64e811-cbcd-45f7-b29d-296444cad4f1
208,85226286-349a-4046-8dcf-f75b32baa6b1
209,6d072aa8-c851-49c5-92f9-cbca05f4bed9
210,f0c8f75f-8736-4b1d-b312-9349fcff321d
211,86e2e2ad-6d1b-44fd-9463-b6683718a1cc
212,c7356af9-9ea6-4a78-a55b-c73775716312
213,09885b8e-f235-4b80-a02a-055539493173
214,e024a3ca-c78e-459a-9a98-8029f49b5a5f
215,61ed9c9c-79eb-4e8f-8015-bd599ac0ab49
216,d3b2bec4-b70e-460e-b433-a865ceac2de8
217,759b5ff1-91fe-4ec9-b9b7-75b7b2ceb283
218,4e210d41-b3e3-4e34-8c3b-3b8cc2116562
219,cfb1c147-1046-4921-9c53-d3a226ebdb0b
220,3f575ecd-627d-4f08-a89f-abd46d469c7e
221,c3da3346-2643-48a7-93cd-011f6834b3d7
222,b1570544-93ab-4b2b-8398-131735394202
223,daa09819-5da5-4c7a-8bef-eb372bb27ff1
224,ef58d4c9-0d40-42ba-bfab-9186c1483edd
225,ee6e8790-7123-40ab-b7e9-03c4fe6aa08f
226,eeb1195b-f213-4ce1-b28c-8565211f8e43
227,54799c0e-eb45-4eea-996d-c4d71a63c499
228,ccfe7a3c-1a45-4984-a8d0-644549cefe61
229,13bcb2bb-db37-4397-baf5-e0f085be2d64
230,8dacf242-9bf7-44f5-b2eb-18305b904551
231,3997d4a6-c2bd-4191-8406-eb07f0abb5d2
232,c428180a-2871-4788-9815-e09f7390c6ec
233,3fb49f5a-fdc0-4789-9c84-22b38b3f3cb5
234,ba550d0e-adac-4864-b88b-407cab5e76af
235,99524243-dc2e-4bf3-82c0-72395391d21f
236,ed29398b-bbf3-42a0-8eff-8631509c271d
237,a5ee1ebe-a645-45d2-8319-d101fe62e581
238,7717539b-33aa-45d5-b88d-9e627172db19
239,f7df5df4-4dfa-459d-972b-1ba051c15ddc
240,00eeed6b-5897-4359-8347-b8cd28375331
241,8b5d7dae-6430-473c-8cf6-f448a2e0d3f9
242,69689acf-d9cd-4d20-a972-47db4ed51b1a
243,5b32946a-4c08-4a75-b1b1-60700470671f
244,22a1f4d7-81ff-4216-ac06-3387da6bc118
245,4e0dffde-ad2d-45b7-9c75-d57ce55de061
246,cc197bad-dc9c-440d-a5b5-d52ba2e14234
247,835a6d9c-fea0-4a71-ae52-9c4da946433a
248,d43d12a1-2dc9-4257-a2fd-0a3bb1081b86
249,a4a3048f-3968-4848-9f53-94e3d4f88b53
250,c53d4269-cb9c-4940-92ec-f398fa47b190
251,94219793-a46b-4c39-9397-e05ad633f32d
252,f1548c5b-329e-4036-921c-02213a04b525
253,896f0194-8ab2-4278-81e0-c56a0444b569
254,509f20b2-5df3-4aec-9bbc-002131fb3f99
255,b0fe8ef0-d59b-4d41-afee-2d21b59112ab
256,fa97dd36-1b82-43d7-a6e4-2adeafd59cef
257,3604c99d-c146-4276-aa0c-9376d333aeb8
258,a96ac800-bfcb-412a-8a63-0a98df600700
259,1946a82a-f927-40c2-8235-38d64f50d043
260,83998f9c-846b-4294-aede-d7735531c901
261,8b477559-946e-4ef2-9fe1-446cff8fdd79
262,24e36781-1f4a-40af-bd18-c5de61f10c66
263,2eada8f8-056a-4093-bbc2-004909ce743b
264,a4f54716-24d9-4c6b-8ba7-1d7e7a5173d0
265,348f3a5f-5112-4d72-b33b-11c60b4f9af2
266,13f972c7-7b08-4071-9d12-cca87059c4cd
267,7756e3dc-f44c-4678-a7bc-d1b31204a963
268,321531fc-db73-4ffa-a959-61a61a2908c1
269,8876c0be-ccff-4d46-aa91-7f935a3b3b6b
270,d2b83114-af3e-4397-b570-10d81f1dd650
271,eb872766-98f6-453d-883f-2ae908a18315
272,49c43c49-328d-4b14-8a1d-be99cafaec14
273,f86f1f07-d182-45ce-ae93-ef610880ca72
274,a0b8cb9e-7532-45fe-a74c-30e7c4009a39
275,231475d8-fddb-4d7d-aad9-287e59e4b4ba
276,5bf64d94-efd9-4334-96fd-e6197b0b02b8
277,a800acf3-ca6c-4617-92cd-138df973404f
278,a796b92e-c137-4895-9c89-10f900617a4f
279,2aab61bc-67f4-4722-8c6e-e1821b2e32a6
280,7b0a63b2-b8e8-490e-b724-1d30cb5edfe3
281,9ddce51c-2b75-4b3e-ac8c-1db09e7c89c6
282,02ceff75-7363-493e-a78d-912dc86c7460
283,e49f69da-17d5-4c5c-bac0-dadcb0e588f5
284,a530492f-8806-4bd7-9c14-80c237eb92fe
285,c622e2eb-dd68-44d7-b01e-bde489c16713
286,42edf21b-2dda-4382-aa6b-49b6483bcf73
287,04af2581-6692-4f14-a7fe-151a36f20368
288,39822e8d-f24e-4f07-b51b-28b22e59fbdb
289,40b7efb7-1268-4a80-b354-600afdcbe9e2
290,b5fb0f1a-2cd4-4759-9d80-648643f70c43
291,ff6e677f-91dd-4986-a174-8db0474b1799
292,ad0ecd8b-805e-406e-82cb-5b00c3a3a29e
293,1079b087-a5b3-4a07-abbc-88043ceda334
294,e1d521ea-5b97-4981-987c-ba988b2a87d7
295,42c14c80-bd17-47e4-9bb2-a35897638c4d
296,4d7928cd-7ed2-4282-8c29-c0c9f966f1bd
297,e8993e9d-9313-4447-ad23-791459a3790d
298,ebee61b4-bbdd-4087-9bcb-d5aa099088ec
299,481bf5f9-2e7c-4c44-b08a-05b32bc7c00d
300,4f8b7186-b2a2-40db-97ae-6e1cd46d57b1
301,3b39abeb-0064-4eed-9ddd-ee47a45c54cb
302,e618770f-e994-41c3-856f-1eedf56b6d74
303,7fbfcd25-9ce2-4ef4-9270-e971ea61fb4a
304,2944824d-4c26-476f-a981-be849081942f
305,f96de591-5dae-41da-855b-eb387d88d7d4
306,435c1b0e-e85d-49bb-bb68-f3fe4f7efaa8
307,58a53082-a629-4ff1-a44d-7492d6f6e8fb
308,90b18d97-718b-4a95-982d-b14019d084c0
309,b896aa8c-2761-40ce-b485-0e1fffd26167
310,6849ebec-b385-4b41-b5a1-125f91e46119
311,9d1ebcfe-4c15-4d18-95d3-d919898638a1
312,188711ed-c99b-439c-844a-ca831f63a727
313,d98c8149-0c01-4151-93e1-48fdc3d5027f
314,a7dbf74d-8bae-4c2a-9987-508a125add76
315,12327d75-47d5-45d9-84c2-3760b9210c17
316,2c3bac0a-5158-442f-b50b-056aae52138c
317,233fc3f3-6de2-465c-985e-e721dbabbace
318,c3cceeed-3332-4cf0-8c4c-bbde425147b6
319,4ea2fd64-834c-4d78-8f4c-2a900c439031
320,a55c2f1b-3f3f-4d6a-aa30-5e186dbadce6
321,af37c51c-0790-4a29-b995-456f98a6b8c9
322,7b885d42-3c41-4f43-9944-a5855ec5155e
323,8a0e10a9-80c7-40e0-bf5b-89f1d57f9537
324,bf2e15d0-4b77-469e-bfb4-f8414415baca
325,72ae6caf-4f9f-407e-8c70-8cd195df955c
326,1ad39ddd-b4fd-49b7-8137-d5569c0eb2e5
327,cb2972b9-29d1-4d47-b5a8-51e1035a6003
328,3caf69c1-fdd8-44bc-b0a5-8af3ad8a47cd
329,bc883961-64d4-46b3-8b1c-64009854291c
330,83d91898-7763-47d7-b03b-b92132375c47
331,54a55229-e611-439f-928e-d89919ff9d29
332,5a8e07d5-d932-4484-a7f7-e700793a9c94
333,97fa7dd1-4706-4fad-b6ff-e099a37837fc
334,9bd1e632-b17b-4842-b520-ddfce3b538b9
335,5c71ea68-9238-4dfc-8519-bd6eff6bc28b
336,2a5a3b60-d468-4b62-a28f-9c410ad3f71d
337,4b2d6a23-034d-4a29-9bb9-d2462796da4e
338,09ff1fe8-d61c-4b98-bb82-18487c74d7b7
339,883ece23-2779-4091-b527-62eb07ee79d4
340,3dfb71a2-2e06-4a69-8839-3e1fc07e92ea
341,69421e11-e4c3-4854-951b-ceab4972e38e
342,dc21d171-7204-4759-9fd0-77d031aeb40c
343,21e3292e-dac8-4609-b57d-402f926aa41f
344,cca49e52-1f1e-4c16-9e40-fedebcea065e
345,44a7f7d5-79df-4f44-8f5e-02dfc0626904
346,b7ffd2af-418f-4be2-bdd1-22f8b48613da
347,77f049ad-f469-4ad1-8283-7a2606a6722e
348,32f2d6bd-c22b-42cf-a7bc-0c4b48cd2bcb
349,1870fb43-50f1-4660-a879-bb596d1519b6
350,abb91078-f7db-41f2-8f07-7f37bb739143
351,4aae17a7-9f0c-487b-b60e-f8eafb410b1d
352,650bf385-6f6d-4992-a3b9-779d144920a4
353,c3480e79-a8d9-44f5-8c93-9f7b490df99f
354,5579a23d-c411-4930-987d-ff89d77c1c12
355,17be38e7-97bf-4ead-8432-ba05455b3860
356,3af06bc4-68ad-4cae-bb7a-7eeeb45e411f
357,bdb8e865-98f6-4dd3-a8ac-74b9b7ae8abd
358,df074f34-26fc-45fa-adf3-d19836dde2ec
359,056e4f3e-d505-4dad-8ec1-d04f521cbb56
360,667e856e-f3a7-42e9-8244-95422ef31321
361,9a58fda3-f4ed-4080-a3a5-f457aac9fcdd
362,9311e2bc-bb3f-44cf-90d8-b1fe6912b60b
363,463c514e-c30d-4a2a-a87b-762535253a80
364,3a528006-1429-47f4-ae9b-2ea95343e16a
365,47347cb8-ac34-4916-84b6-d85d4e5e5384
366,9a22fc7b-ad7f-4c70-9e0f-4d40cd7562cd
367,97b1142f-c71e-4971-8736-4a8ceaf6b4c3
368,61b99cc4-06cd-4ad5-9bac-950b2daef9cc
369,191de76f-a224-445d-b041-54df16d65bf7
370,d2ad8774-9173-4970-8427-06b04df201c1
371,b10806de-2198-4313-af6a-13df4acb912f
372,3cb3928a-526c-4a3d-93c5-53315fa9bde0
373,6efa29c6-9995-48e0-9eaf-3809464a39a7
374,07b6020a-c539-4d68-aeef-f159f3befc76
375,bf710b71-48e5-4e15-9bd6-96debb2e4e98
376,35a6a353-b186-4c13-a264-d18d5e2ce853
377,ce58d854-7430-4231-aa44-97f0144b3372
378,5c47ccd3-3f82-46b9-96b8-efdffc83f269
379,4a5c8526-f8ec-43f1-97af-49722ad88394
380,aa266ac7-d919-4132-982e-76cbd95591a7
381,73e5e69d-3554-40d8-8516-00cb38737a1c
382,d2db1078-c170-4e22-b261-14f3ad60a690
383,8c538f11-c141-4588-8ecb-931083524186
384,5c210861-2ce2-4be3-9307-bbcfc361cc01
385,150e799b-3244-45d9-a6cb-5a3e8c33d430
386,d13f0f47-36f9-4661-87fe-2de56f45c649
387,e3cb4543-210f-499a-b0d1-3882c312dfb9
388,c4caa34e-57b5-432b-ad9d-7e6543944d96
389,5533fa1c-4102-4ae7-92ae-78dddb17fe7f
390,62cfcc64-a7d2-4ec2-ab4b-2a6b62e53940
391,c1f8e226-75ea-4fe6-83ce-59c122bcbca4
392,89abed31-3a93-407e-a4a3-a94e193488cd
393,f59163ba-1a7a-4349-b0fd-fb9582ebe333
394,a66999a7-ae5c-460e-ba94-1a01143ae847
395,55704c38-224f-4b75-b29f-d43653f8bc9a
396,a96d82a0-cdca-40bf-b4c8-3d7ec178d85b
397,8522b9b6-b295-48d7-9a10-8618fb80beb8
398,8c9b336e-acc8-4e20-9195-6ed0634da9fc
399,f4857fb9-e255-4dc6-bd01-e4ca7cc68544
400,f93dbc64-6f08-4033-bcc7-8a0bb4689849
401,f3580347-b84a-47d8-b86e-cad642322a47
402,944e1036-8a03-4611-8aa0-31515a05c848
403,de0222a6-e1c4-403d-8b01-3f66d505061b
404,8925a01a-8608-411d-a90b-f3a52d061208
405,bb3cbea2-5ad4-4917-bc84-8a1975d40315
406,eb2432e6-8d97-41b0-beba-b36e77ddc5b8
407,4dcffc18-b573-4850-833c-d08e2b7e93b3
408,cf66ee44-360b-445e-bfb8-e20e69325742
409,50eec634-7c42-41ee-9b1f-b41d9ca28b26
410,21d177ba-3d51-461e-9b3f-ad9a80b419dc
411,69837400-8e31-4949-aac2-00b46b4df126
412,ba2f4f3b-0293-4bc8-bb94-2f73b5207343
413,655b3e5b-09e4-45dd-941c-6fa3fc12521b
414,64d62f45-e001-40a1-a055-c3545fcc14de
415,ffb390b8-8df4-4b72-97d1-7b2fc008a452
416,b1fb6a18-1626-4011-80fb-eaf83dfebcb6
417,35f92c4a-69d0-4ed1-ab9e-05259db89d14
418,8e68819d-71be-4e7d-b41d-f1df81b01d3f
419,0189c612-39a5-485d-8fc2-eca025b73861
420,c507bf8f-2ac0-47e5-b7c6-4afd61a977e2
421,05106775-5d45-4131-aecc-1177f813ba11
422,8bfac288-ccc5-448d-9573-c33ea2aa5c30
423,2386cd66-e923-4e8e-bf14-2eebe2e9b973
424,f1560407-8826-4ec9-b78f-e0c3fa3ea4f5
425,f033e544-8cad-4bee-abdd-619f8489e409
426,4e0e884d-099b-4ca9-bf4d-bcb31e739540
427,87fc1871-b74e-4bf5-a00d-8a89c288008b
428,cb67438a-7f50-4f2b-a6f1-2bb2729fd538
429,78f797e3-4913-4026-aad0-1cd858bd735b
430,256160e8-37fd-4f8c-a3ef-530ebbaa4b3d
431,ada7a83c-e3e1-40f1-93f9-3e73dbc9298a
432,6a0f0a74-8689-4bf6-aa8e-6a954ac5f0cb
433,4ed35152-5207-4101-8904-6cb5d159b545
434,e3434cc7-d348-491a-9dc8-325af3d9086d
435,7cec4a03-0a83-4308-856a-afb8aa5db0fc
436,ed785ff1-8b1b-4bc0-8a24-dcc831013059
437,bc27c60a-a967-41c9-9633-c682ca0d77d5
438,d5a7104a-aad6-4827-8ef5-680041ae80a8
439,47685be0-926f-4be9-b1ae-e32da47a3b99
440,3e8bd859-7d82-49e0-b267-84fc46e2bf68
441,faabb55d-3c9e-4c23-8779-732ac2ee2c0d
442,cfe85625-10af-46c1-99fb-765ed3a4f1ad
443,779353f3-6401-4cda-a8a2-6fd3ec9bc11b
444,a1419808-65d3-4d40-998c-1a0bac65eabc
445,410c9baf-5469-44f6-9852-826524b80c61
446,1239d1bc-cc09-43e0-bcd0-374f60346138
447,5dd0da33-5161-4378-8fca-aecf5840097e
448,d7bd0fad-2f06-4936-89ad-60c5b6ada3c1
449,ac15222f-fb8a-4d2b-b4da-bde1c19f0a9f
450,5441c29d-3602-4898-b1a1-b77fa23b8e50
451,733e7372-5400-4c79-9059-33e2b2262d01
452,24d2505b-388c-46cc-8a64-48223ea6d78d
453,8930ec4e-51c7-4905-ac40-684459878085
454,22a096ef-c70d-4d70-ae19-4fc2412d4986
455,2f9ecbed-27be-40e6-abca-6de49d50299e
456,78661da3-894c-4947-a34b-fb7edf585d9b
457,cbfb9bcd-c5a0-4d7c-865f-2c641c171e1c
458,734f6784-413d-4779-a81b-1a10f5e2a1a3
459,6648391e-7890-4f6c-b939-976f215195d3
460,ac865b2e-bba8-4f5a-8756-dd40d5e39f46
461,b07016ee-5de9-4419-8205-0490d95dc638
462,de030dcd-36e3-425e-9201-0d5be10769f1
463,4efa55ba-93cf-497f-baf3-2ca9da7e193e
464,6c8b9855-ba8b-48f9-ac1d-42167f7f7b18
465,6d7b7cd4-254b-4c25-83f6-dd20f98ceacd
466,afdb7919-059d-43c1-b668-ba1d265e7e42
467,d2e123d0-c53e-4444-a52a-efeff44953c7
468,16aae9fa-d8f7-4e2c-a907-44aee1ad67fc
469,3d05eb8b-1644-4143-9a61-b28e33c4d85f
470,f4d4b515-0b74-423f-a161-db184330c37c
471,a3212186-5da5-4e84-a935-6952b3e14921
472,7adaabfb-acfb-47bc-8c7c-59471c2f0db8
473,c73d651d-87c9-4c5e-8abb-4ec9c4077241
474,e57f0cac-4f56-473c-8d7e-d93f753fd586
475,a9044915-8be3-4c7e-b11f-9e2d2ea0a91e
476,16a43d5e-c52d-4eaa-9c3b-00b2c1d8e816
477,ccda046a-2674-4f7d-97e6-f23d6c156432
478,a81259a0-a2f5-464b-866e-71220f2739f1
479,c3161cf7-cab1-4409-9b1f-876561dd7716
480,b1168a9c-a946-4a5c-a005-62fc632dfa0c
481,29f6333a-b4c8-4416-8fdf-598bcef1122a
482,e13d2935-8c42-4c0a-96d7-654062acf106
483,a7a1d1ff-1aa7-4a91-a066-cf48976bf92e
484,494e8d09-f85b-4543-892f-a5096aed1cd4
485,7bbfd77c-1102-4831-9ba8-246fb67460b3
486,a5f92d47-b562-4582-b267-71963a515f4c
487,ba147ea0-60c4-4a40-9da6-0d5c2b2e7b03
488,e20747e7-55a4-452e-8766-7b985585082d
489,1fc494a1-9109-4081-a455-2d05bea9d2bf
490,efc8a006-d0c6-4a9b-8cb1-91ca770fa2b9
491,c5f5dc27-3059-49c0-ae45-5009a01bb9ec
492,1c3919b2-43ca-4a4a-935d-9d50135ec0ef
493,4bdcee62-4902-4773-8cd1-e252e2e31225
494,a74b1b7f-71a5-4011-9441-d0b5e4122711
495,f5426431-f490-4678-ad44-a75c71097bb4
496,a6623d39-2d8e-4f70-8242-0a9553b91e50
497,1c3e52cd-c0c5-4220-85d9-ebdb6a26d056
498,68f1175b-592b-4f28-ab1c-85c7a438c636
499,0d4bc6e5-2a3e-4fdf-8bbf-59ad0bc374d7
500,93ccd76c-3790-4435-a8bf-02bc26294b93
501,a506f761-2c22-4b2f-8a94-bd748c2c8f75
502,35581de7-591f-424f-9c64-7b22fd45605e
503,e8374874-4178-4869-b92e-fef6bf30dc04
504,2de794c8-8826-48d0-90e0-6900183ba9e0
505,7509421d-1074-442f-be8f-b526167afcb3
506,c30ebe30-514f-4e6d-823a-19adf0225a56
507,1c70a3fc-fa3c-4be1-8b55-c3192db8a884
508,13501c7d-d181-45ba-af52-5f101d8516a0
509,550cb78b-4995-4873-baea-76ef265531f5
510,8ebd161e-f45e-41b9-8019-fcbd094c327f
511,6290b769-173d-49d1-990e-660a4e333877
512,ed114045-8462-4b49-89ae-527fa2544a2b
513,1b54e90c-638e-4fdd-a20e-4ab09db9fdaf
514,f22942a1-6f70-4f48-866e-238cb2308fbd
515,a8ebde98-7e91-46c7-992c-90039ba42017
516,2a90aa9c-d2ff-49fd-a8e5-2463f657eb45
517,9047fd95-770f-4a8a-a6e3-3b071a882e4d
518,b625448e-bf4a-41c3-a421-72ad46cdb831
519,c1a61bb0-e4fe-4064-bc8d-954a2dafda79
520,0cee95e3-a61d-4cd1-a39c-75464a05b606
521,e6358374-5eea-4205-be22-382ed6df493c
522,c5a0a216-c33c-42dc-92b8-4b60236f8dad
523,e132d370-2a59-4437-8610-756df28a5a02
524,980ee2d8-2ee9-407b-b48e-48360fbc7437
525,9c1ff574-2ae4-4fea-881f-83293d0d5881
526,cf119120-7df5-47d7-9dec-49f8837a4e40
527,7d093650-89be-4108-842b-ba7f5367504b
528,ad386705-fb8c-40ec-94d7-e690e079e979
529,2ff63f00-0954-4b14-9007-e19b822fc8b2
530,c0252a1b-0133-46bb-8c4f-cade46349ec3
531,04cd0cfd-bfd1-4c36-bc38-95c35e2c045f
532,2c1828a2-e46b-4ade-a6e9-065ca265d679
533,1dce970e-34bc-48b2-ab51-48d87544a4c2
534,fa7ed4fb-fa39-4820-8ae1-5fe98bc2ef8d
535,aab5c954-cabe-432e-899e-1c4f99757327
536,d6ed7887-a401-47a8-893c-34b967444d26
537,1b3e92d4-1c68-412d-a92d-1172f24f7de3
538,cc0b7089-c08d-4c10-b6b0-873582c17fd6
539,89e39f67-65cc-4f90-b145-b1b56c209f8a
540,a043cfa6-6e87-4975-ac27-5005bdfa7afb
541,be50643c-0377-4968-b48c-47e06b2e2a3b
542,6caf09f5-2f01-4f76-bcc7-6207930c56c6
543,bd1180c4-4252-461f-94dc-543906c02522
544,dd91eb4b-6d08-4c14-9eb2-197a02a35f6c
545,c6b0db5a-d750-4ed8-9caa-ddcfb75dcb0a
546,28503ab7-8bf2-4666-a7bd-2644bfc7cb1d
547,906bddec-bc73-49f8-ac1e-eaee691c6cf9
548,171cbc8f-8ab3-4aec-9916-f0bdbe26bb79
549,b09b5127-c62e-4bb2-b790-1e4aa18749ed
550,95f5b748-d370-47fe-85bd-0af2dc450bc0
551,7e30debb-3308-49ab-a5ac-6d49319a5705
552,e979c1bc-5cc2-497b-801f-823244a9166d
553,05010b18-ba21-46dc-be6d-615d90170b8e
554,82b1f5fd-cd31-41a9-b5d4-7e33f0eb9751
555,516cef4d-0718-4007-9939-f9b38af3f784
556,5de80871-f721-4c7c-b0c5-4ad0d350c232
557,319b1175-ced9-438f-986b-9239c3edd92d
558,f1df0431-9250-4ec8-95d8-f19ce7cf7fb6
559,977b779f-72fa-4117-995b-97af75d9c73f
560,43e2b545-3e4a-4fd7-a773-8daafa610570
561,c3aeb863-7b26-4388-94e8-5a240f2be21b
562,979d01bc-a4da-4c80-8cc1-be40bd35cd5e
563,5700dcd4-c139-4f31-aa3e-6382b9af9032
564,5f6ab597-f57a-40da-be9e-adad48708203
565,84783313-2a3f-4f17-ab9a-425a5d527879
566,24e1b53c-3085-4581-8472-0b0088d2508c
567,e204ed91-3684-4561-b29b-d0b53f8459a7
568,07e748f1-075e-428d-85dc-ce3be434e906
569,183105b5-3e68-4748-9086-2c1c11bf7a3d
570,f1d1df24-91af-4d27-83a4-9b4ad29b37eb
571,31810c40-932a-4f2d-8cfd-17849844e2a6
572,34c63966-445c-4613-afe1-4f0e1e53ae9a
573,31aa8446-3dbf-4d22-9504-0f1bd58bf785
574,7e26cbe1-b8f5-4215-af82-e43d5f8ff308
575,bf48d271-9595-4043-9064-52f43707d4ab
576,20953548-6d06-4428-99a9-c284bfaa5514
577,49cd96a6-42c3-44f6-ba2a-cd9301046b96
578,7944ed53-2a58-4035-9b93-140a71e41c34
579,ba561cc7-2050-47d3-8bc2-c645a1393d90
580,1f43d76f-8edf-44f6-aaf1-b65f05ad9402
581,07cc14fb-4784-4a25-804b-2686ed5ef52c
582,067102ea-9519-4622-9077-57ca4164cfbb
583,d8df7087-06d5-4545-9024-831bb8558ad1
584,074e3847-f67f-49f9-81f1-8c8cea147e8e
585,59d34d63-e209-4f26-8a09-b08d12202082
586,4de30660-26a8-4390-af6f-8fc0564e7e61
587,d347406f-839d-4423-9a28-188939282afa
588,9fdd9163-9824-413e-91ad-d01e561b4078
589,75ebdfa0-4a8a-496a-a57f-e4bb93b14d4c
590,8ed2e0b3-aa4c-4e13-bec3-dc7393ed4d6b
591,bf600e2b-dc2d-4839-a1be-6ebef4087cd0
592,24786816-025f-49f4-9787-4945a3311f96
593,86b24e8f-a4d9-4c84-83ee-fde0d14ad9fa
594,f6580b26-77f7-4a7b-8513-6db0476e8f21
595,0039c7ae-e1a7-4a7d-9b49-0cbc716821a6
596,6b22de04-fb48-44aa-bd02-c1427f635477
597,172e1f1a-504d-4488-b053-6344ba63e6d0
598,332228ce-fe8c-4a5e-90e0-e1361553e5ff
599,2d576cfe-7669-4af0-a66a-86c8362f47c5
600,9011971a-df29-4b57-8889-2e5e9a645cbe
601,fa0daf56-e94c-4007-9a00-4d1b05d85f96
602,7389b838-9bd1-46d3-b514-95e0df255a52
603,e631bb92-3e2b-43e3-a2cb-b605e2fb53bd
604,d59c4cda-11d9-48db-8bfe-b557ee602aed
605,54d76201-3b30-4722-978f-2abdd62e88dd
606,fccef2c8-22a7-419e-bd6b-c40fc8f46068
607,14a4bc78-1c2d-4ca7-8d1b-9b58076a2a17
608,b665b768-0d83-4363-950c-31ed39317c15
609,73d882c7-1146-4012-a61b-a3b2c11fce2f
610,fdf9fd10-8a2a-4cb4-bed0-3c476c976ce0
611,e4c226f2-ba57-483f-be6b-3391112244b8
612,29eb4497-0bd8-4126-abdf-d8007326ee8b
613,e3e0abcd-7671-4482-a9d8-462f5acc9be5
614,b44eab39-900f-446f-af67-0512a88e54ec
615,109958eb-a335-4c5e-907e-597ff4c6af46
616,debabff3-2559-46e5-862d-ef2a906d7010
617,d08b66b4-8950-439f-bd8e-2dd78dbd7a5f
618,4ca783b7-5bf7-4348-b494-46680660050f
619,a9126556-f555-4920-9617-6e013f8228a7
620,889b69e3-7b18-4889-b953-9f2931597204
621,8830afec-83b3-4213-aad0-f6377f1d73ac
622,20b9add0-f004-4720-8f46-585525203a8b
623,9a593aff-62c9-40bd-9631-1697798adb63
624,d9c90718-d54d-4ccf-a92e-37a5415ce299
625,9b707faa-500f-4ea8-a433-40e0b328a57d
626,92a42e82-b36f-4308-82c1-68bad2e03c89
627,b004d3c7-5402-4034-be67-13eeccc7b1af
628,e54e065f-0ce6-4779-9a9a-afd7b997471f
629,2449300a-6ca7-45da-8102-22789d256475
630,fad8967c-a327-4af5-a64a-d4de66ece652
631,50549203-9602-451c-b49f-ff031ba8635c
632,0efe858c-89e5-4e47-906a-356fa953fd6e
633,4dbf5678-7a31-406a-abbe-232f8ac2cd63
634,40a5a225-3279-4d48-bca2-6059ed11b4fc
635,18eefb0f-7f1c-4ca4-a9b1-d0f2f11bd6b1
636,92e634a7-6023-4be8-be15-ebba822f5b34
637,190e78ac-8f44-4bf1-a4ff-95ed9376ad9e
638,bdacc37b-8633-4bf8-9dd5-4662ee651aec
639,985c709c-7771-4de3-9024-7bda29ebe3f9
640,83d8a06a-4145-444a-b4ae-49e1e986206f
641,5a797e16-f69a-4957-820f-1152ec19d236
642,d5b637f0-74b8-4df6-bddf-dc3784a6881a
643,d87e52c5-bb8d-4da8-b941-9f4928627dc8
644,437a0e49-c6ae-42f6-a6c1-84f25ed366bc
645,fbb375f9-48bb-4635-824e-4120273b3ba7
646,cd3ec2cf-3a76-4f3f-9b77-2135a1d24602
647,a2496a3c-8f42-4b98-b780-6f8d64f56441
648,3f5be744-e867-42fb-8913-5fd69e4099b5
649,d530dbf9-69b1-404f-98f2-0431104f5a1e
650,86e736b4-93e2-40ff-9e1c-fb7c63fef5f6
651,adc68a50-38ee-456d-927e-715cbf74c0d5
652,fc61dd75-880b-44ba-9ba9-c7b643d33413
653,8a338e06-d182-46f2-bd16-30a09bc840ba
654,03172286-f7ed-4864-a4db-459cd5ca9790
655,b267ca80-034e-4dc1-9ed4-ec45f1fed41d
656,a33a9cd6-8c03-4047-b62d-59f76f494c20
657,959cf5bf-ee29-4af6-a85a-0b480181d988
658,db008806-16f6-48fc-8521-3d953709689d
659,c1e98e4a-4628-4c89-a7a6-0e0171600b05
660,6aa40207-fec8-43a7-991d-b872a42def05
661,9689aa5a-4471-4fb4-9721-07cecda0fa9f
662,ebd2ac91-6249-4e4b-bde1-353a424138c9
663,e105c272-b5d7-4135-82ef-d60bded54345
664,f9c1cc73-36ba-4f8d-ba12-7d2490608886
665,abe2669a-a612-4bf6-9193-bb4f4b8a9088
666,fa927f59-d443-418a-b741-e557208aaf09
667,0e0dd9da-5878-4c46-9a9a-6df43abb5c96
668,14962b84-c46a-490b-b6a0-ee69c78b2291
669,9e53f84d-ef44-4c16-9677-5fd4d78cbd7d
670,da785f6e-86e2-4efa-aca6-6c3cbd15d91c
671,38c5cdab-5d6d-43d1-85b0-dac41bde186e
672,ac2d1c91-3667-46aa-9fe7-170ca7fce9e2
673,0688add2-c282-4ee2-ba61-223ffdb3c201
674,bc1c8f3f-6f36-4086-a470-87ed813dd429
675,8d3ee4ba-be21-470c-bb7c-4c124c3eb989
676,2339bc21-aa92-4850-86f0-4bb9433910c8
677,31095622-5a1e-4f22-8ad1-b08eb6255f37
678,31bea673-d23a-4889-8da1-7cb040863268
679,10b7cfe3-a99b-49b3-91ed-b0efb7b32371
680,90cc2464-234e-4da0-b39b-576f36e633bc
681,42884e27-dfb8-453d-990f-2ffd90bc2d1a
682,0f8bd5a7-c915-4e00-a035-fe3969e9a9b1
683,7364dea6-ca9a-48e3-be01-b44ad0d19897
684,d24c555c-318d-4fa3-bcf9-a250475cf0af
685,2996c6a2-215d-4f78-aed6-81a130b04816
686,012e3432-71d3-4317-9ce5-b60cb6cdc38f
687,ae1b47d5-5128-431c-9d30-e08fd90e0767
688,18c2200e-0acf-4ef9-95c9-ff797a23214b
689,c707b37e-cb5c-4694-be4d-46beefcb2475
690,66c662b6-6e2f-4930-8610-912e24c63ed1
691,70f0e309-5418-49b6-a130-666e2f76eecd
692,e4d05411-9a3d-452e-8b0e-a55b86b7cf85
693,7249b899-8db8-43e7-9e6e-22f1e736024e
694,f3d8c154-208d-4efa-b52d-7e9f16adcdae
695,0f50beab-d77d-4f0f-ac26-0b87d3e9b11b
696,c6122fee-089f-41c4-a34f-e5f7e5607b05
697,9d4c4835-c71a-4647-a4fc-263e26832cd0
698,8d5291bc-e960-428a-9004-b5ab9c171dd2
699,503877b0-4e1b-452b-851c-5e3f478d3714
700,ad61e25e-5516-41e1-b60d-744e8220986e
701,d624df22-b03d-4746-ac28-a4bd72aeec26
702,4a60824c-be84-44c5-8632-c0c2b2ff145f
703,7bf1f441-ccf1-4258-9797-07c8d16eb44c
704,3a54bffa-2314-44a2-927b-60144119c780
705,f07dbc2f-317b-470f-bad4-5f1b0eb6faf1
706,197450cd-0124-4164-b723-3c22dd16494d
707,329f95db-f02e-40bf-a5f7-0dea11529ce3
708,d5cc67b8-1cc4-453b-96e8-44487acdebea
709,7f2a8098-50e3-451c-8696-c5d9f64f4762
710,2d12e7de-449d-4151-bc65-e5bad7ace24a
711,078a9376-3c04-4280-b7d7-b20e158f345d
712,e9e9109e-5914-48c8-a7e6-a95dd94bd345
713,3a9f3479-4f0c-4355-8ccd-c9ed5cd01586
714,c163f6f1-84c0-48fa-81c5-8129739b6c3c
715,1f9df192-a621-4f54-8850-2c5373b7eac9
716,8f9d6bb2-dba4-4cca-9967-cc02b9f4820c
717,d2299099-e617-46dd-b013-ba0b4c72bc63
718,74171cb6-1ff8-42bd-be8a-96660c22e3e0
719,fa7b9055-3703-473a-8a09-adf2fe031a24
720,94dbfe2e-ca48-4e08-a5a8-e1e74136c63d
721,c7423e0c-ab3e-4ab4-be10-cdff5a9d3062
722,b8549efe-f4fd-4dc0-8ef1-226e9c400233
723,d1353a0c-26fb-4318-a116-defde9c7c9ad
724,5cbef01b-cc35-4f52-af7b-d0df0c4f61b9
725,c3171463-d55c-4140-ad06-dbdac29c508c
726,6830e150-6233-4255-ab97-6e2e38759637
727,023d64c9-93db-4a20-8c5c-2efa1a53481a
728,5a092e7c-faa9-45d0-88c6-052205804e6c
729,af8e4cc5-ef54-458d-a194-7b210acf638f
730,55441123-89a2-49ab-ae3f-df7a3e86835a
731,1f8e4ffd-b81b-4d10-91f4-461585bf9d16
732,f81f19b9-c76e-43ac-8656-bb56071785fb
733,4c56405d-ba8e-4283-99c3-1dc95bdd50e7
734,593f8594-83ad-4df4-a9b8-e4d225f55440
735,7b52603c-a84c-4a76-8dc8-899bb4dd9fa7
736,144ef525-85e9-40c3-8335-02c32d0861f3
737,4b0be624-6b87-47e8-bbf0-588a2c6c0439
738,8448783d-a68c-490f-b5c5-4a6364ef5537
739,93560313-3950-43b9-ac4f-7ea3b4e79e60
740,d8d1b067-78bb-4db7-8f91-db2ff9a83ee5
741,3b3531c4-cd2d-4df0-897c-a2e29b8341fc
742,8dd98bdc-80ec-4e93-8509-2f46bafc09a7
743,8970d868-0723-483b-a75b-51088913d3d4
744,f0602f55-1770-483d-89bd-4bae0d0ac086
745,19516266-e5d9-4774-b749-812bb76a6559
746,d048022b-8e7a-48b4-be28-638922556639
747,6aa55ee1-4c46-4f7c-9a6d-5051dfe2c06d
748,dbb3b771-ae77-4381-b61c-758b5b7898ec
749,6b966946-5274-4e3d-aabb-7563814d805f
750,a0955511-1324-4e9b-834f-e1e140502850
751,0bbbc496-c7b5-4b3f-bb6d-bd312827d6e5
752,89ad4ac3-39f7-470e-963a-56509c546377
753,ca39d50f-9885-420e-88d6-9c3f64038773
754,5fcd6db8-979c-42e3-99a6-fd8302f82a9d
755,b7ddce8b-9e5c-46bd-9d33-41b134ce1a7f
756,4f9675d2-f6d5-486c-9b26-33dcca998500
757,9478e346-7c52-4780-9555-3d1577f0b905
758,a344d1d3-bc5e-4a59-95f1-814999d009ac
759,a505bb48-ad65-4af4-ae47-29149715bff9
760,fa31e7d4-a03a-4110-98fc-f8826e95ec25
761,artist
762,2adb429d-e39c-467b-b175-3f40440ff630
763,23eeaeaf-423d-4859-8c91-2175ece74287
764,1d543e07-d0d2-4834-a8db-d65c50c2a856
765,38c7a3b2-17fb-4166-b964-4e445d69efdd
766,03cfb17e-9d4a-462c-88ee-1fa348bc3a0d
767,2ecbc483-dee4-442f-8ce7-f3ab31c73f87
768,a16371b9-7d36-497a-a9d4-42b0a0440c5e
769,32cfbaf8-87aa-466b-9c1a-331ad9075ea2
770,de11b037-d880-40e0-8901-0397c768c457
771,611700cf-27f0-4dc9-ae80-c513a767853e
772,d8661c02-f423-4d72-8044-40ff05daf7a1
773,365144f7-85af-4c83-b24b-b1d0b26160bb
774,766a2b45-441f-4096-af05-dbbca9518c9d
775,cf8b3b8c-118e-4136-8d1d-c37091173413
776,52074ba6-e495-4ef3-9bb4-0703888a9f68
777,1cae523b-fbf3-4312-a5c9-e569a6d4bd74
778,e000d76b-afff-4286-a5fd-7ea6405cb80f
779,89d746b8-7d18-4baf-8cee-659b07771568
780,79491354-3d83-40e3-9d8e-7592d58d790a
781,bf0caafc-2b20-4e07-ab85-87e14ff430ce
782,ffe16bba-4d84-409b-8f22-5242c60b930f
783,42a8f507-8412-4611-854f-926571049fa0
784,57fca0e2-f9ad-4ae6-af9d-6a6f50cbcd5f
785,43c0958c-27ef-46c4-b4cc-83cfca54170d
786,4f8916d6-a7d2-43e9-96b6-ce3168c39c84
787,5ae54dee-4dba-49c0-802a-a3b3b3adfe9b
788,3d6bbeb7-f90e-4d10-b440-e153c0d10b53
789,674bf89f-8e70-4472-929d-6b4ed6f98c88
790,0cd12ab3-9628-45ef-a97b-ff18624f14a0
791,a4a01f5d-18e7-4571-8c3a-76ec0e24e2d7
792,06e59c30-5e21-4318-96e8-7a5f7e309af1
793,15f835dc-ee52-4b74-b889-113678f54119
794,3248ed2d-bada-41b5-a7b6-ac88faa1f1ac
795,7fa7fc04-1011-4876-8095-ecd232edea87
796,caaba574-dfbc-4681-8e56-19b5150897d2
797,d135874d-9cae-4fef-97e3-36acbd9f5a26
798,23b58ea2-1cc3-468a-9e76-5027e196e851
799,c33c2065-b1c3-4406-b066-d33a9e2ea71a
800,38b511a2-76fa-4a1e-9b7a-e2a6efa6399b
801,c75d637d-bcca-4123-9ffa-fab3c01be71a
802,e1194e66-e4f0-4351-9d26-ac95df530d0c
803,c5eb9407-caeb-4303-b383-6929aa94021c
804,f90575d1-abcb-42b3-ae32-1849312c26e6
805,4236acde-2ce2-441c-a3d4-38d55f1b5474
806,f10177e4-b7f7-4e63-92b6-c805c6cc54d6
807,db3c0a20-bf05-4b30-ac22-f294aea24172
808,1b0b533e-9a62-4a95-9c68-f2e140dde9da
809,aba64937-3334-4c65-90a1-4e6b9d4d7ada
810,7f36c2ba-a338-402f-861f-390229bfae04
811,477b8c0c-c5fc-4ad2-b5b2-191f0bf2a9df
812,848262ad-408e-469a-a7bb-13ef82622b7f
813,55f22ebd-bc14-4539-a003-1842fdaa21b3
814,dcb03ce3-67a5-4eb3-b2d1-2a12d93a38f3
815,c8bc9ad3-1df2-4c9b-9cf7-cf6fc60441dc
816,4967c0a1-b9f3-465e-8440-4598fd9fc33c
817,4dca4bb2-23ba-4103-97e6-5810311db33a
818,7e9bd05a-117f-4cce-87bc-e011527a8b18
819,1fd8c24b-eaf3-4ee2-9931-b8130099d789
820,17167af8-c1da-45cc-bba2-9d23f068b7a3
821,a9ee533f-8871-4f62-a6bb-91eb264abc90
822,ef43cee7-13f5-4d10-844e-879aba3d8b19
823,a9fcd5fd-6ee3-4ee0-bd5e-c457517d1836
824,f181961b-20f7-459e-89de-920ef03c7ed0
825,58e5332d-383e-414c-9917-776d7b1493a2
826,5f572b31-8fd9-45ae-9beb-358c98d839df
827,fa57d5dc-bcfa-40ea-9638-3d3cd89d1258
828,ac7e838c-3d95-47c2-92a9-81767ad7c217
829,d262ea27-3ffe-40f7-b922-85c42d625e67
830,37c78aeb-d196-42b5-b991-6afb4fc9bc2e
831,12d432a3-feb0-49b1-a107-d20751880764
832,27870d47-bb98-42d1-bf2b-c7e972e6befc
833,94b0fb9d-a066-4823-b2ec-af1d324bcfcf
834,004e5eed-e267-46ea-b504-54526f1f377d
835,e280268a-a5ab-4bb0-be4d-ec470ca59131
836,1ba1d493-7114-45e2-b163-a36d49a0c065
837,20883363-1ea4-4d72-ad72-c0e767038f3e
838,c2a44e93-3a2b-44aa-bd8b-7a71bb76e3b5
839,a2accb58-6099-4cb5-a3c8-f6332f364db5
840,eaf6a7ca-105d-4a94-ba02-8c3e4040319a
841,c5f9e699-7b0d-4030-86dd-7acc8250d147
842,028e1863-cab4-4a3d-9dd9-91c682c91005
843,1bc41dff-5397-4c53-bb50-469d2c277197
844,b18bc9c4-6f22-4f1b-a918-e9c86a39fe7a
845,8eeecca3-3e44-4311-93e5-e67decfafc06
846,95e1ead9-4d31-4808-a7ac-32c3614c116b
847,69ee3720-a7cb-4402-b48d-a02c366f2bcf
848,7db6aae5-6644-4513-9bfc-ca2e79d4469c
849,847e8a0c-cc20-4213-9e16-975515c2a926
850,29c28ac3-27c5-4822-8eb6-0af89a3a7240
851,ef656595-bbe8-4386-8953-be8df9f54472
852,843384a8-2fb5-4d21-91d6-3f4b545fca7f
853,9f4551c6-1324-4ac5-b3fe-a5c5cfacd54d
854,4b52ef0a-78c3-4b52-b4ee-658ac47ff889
855,14e410f5-97f2-48ba-b1f7-a3a44cbea05c
856,a8ed28e3-5c08-4448-b889-867483e251f5
857,8000598a-5edb-401c-8e6d-36b167feaf38
858,75af9d25-cf32-49c0-9192-60bd8e9784e6
859,127f591a-7e27-4435-92db-0780f219f3a1
860,e390d54f-92f0-4039-9dd3-e8eac130b4c0
861,aabb1d9f-be12-45b3-a84d-a1fc3e8181fd
862,7e54d133-2525-4bc0-ae94-65584145a386
863,1aff9117-5820-490d-9938-ccad96669292
864,4ac4e32b-bd18-402e-adad-ae00e72f8d85
865,f41490ce-fe39-435d-86c0-ab5ce098b423
866,1aded574-9e16-4648-861a-24fd6f1c309e
867,b1003bf1-25b8-41f4-a783-36060f987913
868,4b179fe2-dfa5-40b1-b6db-b56dbc3b5f09
869,a670e05a-cea8-4b37-bce9-d82daf1a0fa4
870,51b7f46f-6c0f-46f2-9496-08c9ec2624d4
871,315fa94f-3bb5-43db-a28e-406a83e9805c
872,10bf95b6-30e3-44f1-817f-45762cdc0de0
873,b2d122f9-eadb-4930-a196-8f221eeb0c66
874,1dcc8968-f2cd-441c-beda-6270f70f2863
875,b5b4ba6e-6e34-4669-a33b-0d813b4c3d83
876,2bc20c29-8c70-49e1-a92a-0738cda521a9
877,648615ca-ca74-460d-928a-2bae67ae6d14
878,270acfee-1fbe-413e-a0a8-6a35a8b3b66c
879,0220a594-56a1-47ca-8288-001ead3a3546
880,39153756-5ffa-42a1-9b97-0468839021c3
881,b345af35-205e-4eca-8006-029e5c20127e
882,1129817c-488a-4096-80c1-77fc1b107c93
883,f208f09e-b5b3-4b06-87cd-f7230fae17e3
884,d45641da-371c-430e-8907-6086590ab282
885,5a24bc1a-c093-4a82-84ed-8d7f2da0570d
886,0019749d-ee29-4a5f-ab17-6bfa11deb969
887,c98d40fd-f6cf-4b26-883e-eaa515ee2851
888,ba1384a7-8b0e-4ea6-bf0c-f1ec17a06d14
889,10b7b68c-390d-469a-915b-40bac704f288
890,acf6c776-d0f6-4239-b5a2-a45a613ffa52
891,0f11d99e-88ba-48d2-b652-4ebe04c52d11
892,4e045c96-538b-46ed-8ea8-7cae20b56574
893,603c5f9f-492a-4f21-9d6f-1642a5dbea2d
894,4d2956d1-a3f7-44bb-9a41-67563e1a0c94
895,6be2828f-6c0d-4059-99d4-fa18acf1a296
896,092b603f-eb4c-4958-b10e-02420de5885b
897,e59b17a9-2c0d-4284-854e-6d51a448091d
898,148ddea2-6839-4354-8e2c-5dfadf136b7f
899,88d1360a-bc2d-47df-90d1-d2de285560aa
900,b863cf80-19c6-4a87-8e42-6cff7ac8f18f
901,90cda7b7-9112-4ec7-9d6f-3f4675ef5130
902,0743b15a-3c32-48c8-ad58-cb325350befa
903,edbc42ea-6040-4414-8c4c-9eb7d503f64c
904,057aa66c-cf6e-499d-bda8-5adc47ad4197
905,e54be6b7-5c26-4b47-bb3f-c137429b9b55
906,05517043-ff78-4988-9c22-88c68588ebb9
907,50698127-f6f4-4c0c-8010-db98c21100e1
908,331ce348-1b08-40b9-8ed7-0763b92bd003
909,541f16f5-ad7a-428e-af89-9fa1b16d3c9c
910,1f16a425-2606-4137-a6b7-234b6dabe037
911,52fe888b-112f-4023-adc9-f8287f177f7a
912,765774a0-2060-469b-8b7d-612eea48579b
913,150e14bd-915d-4574-b574-f77dd7ea72ad
914,81b07a2a-cdf0-4c5e-a68c-8d910e1f0ea6
915,b017a7ae-e5ee-4675-bb13-c83346134971
916,7b2f87f6-db90-464e-a27a-deb4f7219e90
917,21f3573f-10cf-44b3-aeaa-26cccd8448b5
918,8aa5b65a-5b3c-4029-92bf-47a544356934
919,67c5183c-c8ad-4d0c-8203-3d5a565c12aa
920,351d8bdf-33a1-45e2-8c04-c85fad20da55
921,42689657-cbec-4f66-a9ed-80f939ea23ed
922,6e855495-c063-4052-a26d-959c3f226c87
923,99e9b8ff-b8ea-4019-a073-acc9fbc93bbe
924,8295ee00-0096-461d-95c7-c2263d2a4c6d
925,fbe054ec-a143-4101-9e9e-64abc5ff5ac9
926,f1106b17-dcbb-45f6-b938-199ccfab50cc
927,3bd76ebe-c7dc-47bd-a8af-9e46d2a4f782
928,b847568f-cd75-44c7-b87b-4f38a5a9f661
929,c23b637b-97c6-41eb-8ef6-6c724efc80a8
930,13c9c494-09aa-4518-8572-9f41dbdff461
931,b134d1bf-c7c7-4427-93ac-9fdbc2b59ef1
932,9ffad8aa-b671-4a9a-a527-a95bdaaa0ec4
933,0af78501-5647-4c18-9a0d-66ac8789e13b
934,8d08cabf-03a3-4f38-a815-8197a0984f19
935,80ccfede-c258-4575-a7ad-c982e9932e0f
936,a66ebddc-ff04-46b8-820a-15c63e80dba1
937,d4f82967-4008-4481-953d-399d089753dd
938,20aa23e3-3532-42ca-acf6-e8c2e9df2688
939,69632f9c-31eb-43d5-a864-e73ac72efc66
940,31aa6f87-8d00-4ae9-a5cc-6d7eeea109d2
941,826dc91a-6dd3-4279-ae8d-bb710db646bb
942,3d2b98e5-556f-4451-a3ff-c50ea18d57cb
943,24f8d8a5-269b-475c-a1cb-792990b0b2ee
944,462a85b4-83ac-4164-86b3-e5ac6a7ec040
945,13246906-ec3b-4ec5-bc2f-f7ca802facea
946,abf5f674-dbad-4219-b3ad-dbd6fb163c8e
947,db859a53-b7ca-4892-bcda-5ef78d2c891f
948,f75150f0-d80d-4c34-903b-6acfb47b63ee
949,d4310265-7415-4802-b4f3-4b762217efbb
950,b669c53e-5a1f-4adc-80be-755e64e8115e
951,fc01cdec-f2e3-4d43-a1f7-7945ca43618c
952,aaf09f31-bb5c-43e5-9f54-bb6554c33a71
953,84dc4f23-c0b8-4fe1-bbca-a3993ddc8fc2
954,7527f6c2-d762-4b88-b5e2-9244f1e34c46
955,3fa7095b-4447-465e-a784-14b07789d7a1
956,eace2373-31c8-4aba-9a5c-7bce22dd140a
957,b0122194-c49a-46a1-ade7-84d1d76bd8e9
958,a7c38944-b3fa-4a3d-a4bd-d3b3b06f0cbf
959,c7788fba-e635-4d8b-a937-01a68ab154e3
960,10c07fca-2678-40b6-9644-cde68d3e9554
961,17e137fb-59e5-4fd7-af48-afc34995396c
962,1f064e2d-aa55-4631-8f62-e2c14bbe1f4e
963,160629ab-ec18-4931-8c95-02cb92d06186
964,169c4c28-858e-497b-81a4-8bc15e0026ea
965,cd830a8f-89d2-4e96-96cb-7a497e51d437
966,66fce392-d89d-4eaa-a346-c50aa1021f00
967,475ae7a5-07de-46a8-a88d-4322259aafa9
968,ef954679-5ee7-4016-acef-7ac71f2fa3d8
969,e77a126e-7005-47c0-996d-6245372f1a51
970,e36e78eb-3ace-4acd-882c-16789e700ab7
971,5dcdb5eb-cb72-4e6e-9e63-b7bace604965
972,cba77ba2-862d-4cee-a8f6-d3f9daf7211c
973,c0a138e2-cef7-471b-8fbb-524e1076256a
974,f1c8da15-b408-4149-b863-f1cbe9971f19
975,386b19c6-a3d2-414a-bef2-c178572b1cbe
976,315126eb-86bc-475c-a308-b8edfdd6c08c
977,d547b148-cf1f-421b-9464-ce7411ba44b8
978,eab76c9f-ff91-4431-b6dd-3b976c598020
979,0ef3f425-9bd2-4216-9dd2-219d2fe90f1f
980,38f953ac-af97-40b1-b95c-ab35cc0d7a81
981,ff865aa0-4603-4f79-ae8b-8735332e2cfa
982,ea854cc1-13fc-4fd0-86a5-d2c7dba06764
983,614e3804-7d34-41ba-857f-811bad7c2b7a
984,ddfd9b2f-186e-4b2c-ad09-01aa5380c225
985,5dedf5cf-a598-4408-9556-3bf3f149f3ba
986,917bc621-ad02-477d-9308-a0304c5f9727
987,0ab49580-c84f-44d4-875f-d83760ea2cfe
988,6f2f87e7-3ce9-4f1c-81dd-6f068a78cf26
989,e6f8912b-7df9-4aae-b551-2cd03dc29588
990,149326c2-b8a3-48e3-b3d2-9b5b9593127f
991,01e60eba-52df-4694-8f09-39f43abe54e9
992,7cf0ea9d-86b9-4dad-ba9e-2355a64899ea
993,3533dea4-218c-4fc9-ab6e-2e3dc0ffde6e
994,3b02795b-bd2c-4aac-8f6c-e581514cc2d8
995,a9416fb3-4d28-4575-abae-f0d160be83ed
996,879a449d-506a-422c-9fb8-8af01d3d04ae
997,23a03e33-a603-404e-bcbf-2c00159d7067
998,b5179744-f217-4455-9d8b-17b8d4fdeb93
999,e0036453-ce34-4095-af40-8c70ee07cef1
1000,a49b5d41-7399-49ef-bcb8-a5779a30d2e9
1001,5aca3051-afa2-4f5c-9974-cc9418482a58
1002,a1ed5e33-22ff-4e7d-a457-42f4309e135f
1003,985c5cc9-2dc1-49ac-8806-5b66586a2d58
1004,b847e9d2-c931-4daf-900c-42c7b2c42e16
1005,f9ef7a22-4262-4596-a2a8-1d19345b8e50
1006,e2c3c508-f0ab-49af-92c9-a81d66d67405
1007,a342964d-ca53-4e54-96dc-e8501851e77f
1008,cf6e878f-4ad1-4b32-a105-f832c69a4f51
1009,9941a936-196a-4a62-ae53-a69cbc33f20e
1010,5ffb1041-7236-45d4-8523-60faf95946c6
1011,e5257dc5-1edd-4fca-b7e6-1158e00522c8
1012,101e0102-841f-4858-972b-edf716ee67c9
1013,ef6a8aab-9dfe-46ac-a225-67df4601ad69
1014,8846e4ff-0c19-4af2-872b-7a8dc7497f68
1015,6da0515e-a27d-449d-84cc-00713c38a140
1016,ac53c83c-c969-477f-9564-769e1ed80519
1017,1ee18fb3-18a6-4c7f-8ba0-bc41cdd0462e
1018,7bd9e20e-74b9-446a-a2ed-a223f82a36e7
1019,f5cff7b2-b19d-4934-8525-b17248b30ab3
1020,18a0d72d-0be0-4196-a340-035163bfae1c
1021,8475297d-fb78-4630-8d74-9b87b6bb7cc8
1022,4a8ac23a-e27a-44db-814a-f8c31beb68e6
1023,6a5f768c-db43-461a-8e58-658084ebe84d
1024,1a60d6dd-9d3e-40fc-a66d-3184f9ee0d61
1025,8951c87f-f730-4247-b442-52ed14ad6a97
1026,6acb932e-840d-47ac-8e0d-725ad8a6e52c
1027,9fa07bb4-8312-4cd7-a19a-4fdbc5797148
1028,070d193a-845c-479f-980e-bef15710653e
1029,a7bdc71f-697a-45d9-92b2-a01fbbe50272
1030,d6bd72bc-b1e2-4525-92aa-0f853cbb41bf
1031,ac1dd50d-9f23-4c9a-8fc7-f2d6b03a5c5d
1032,381e8434-109a-439c-8acc-5d328359f2e0
1033,794c6bf2-3241-416f-9b8f-24e2d84a1c4b
1034,41a94033-8b12-4c60-a22c-38c78801e363
1035,f5aca88c-e3c1-4bc2-af33-68a9a9f7b56a
1036,e664d1cd-23ab-48d5-b8fa-e98485daa5be
1037,afe409c2-57f1-45fe-9140-50cbccd88223
1038,bd13909f-1c29-4c27-a874-d4aaf27c5b1a
1039,57e79d57-b795-475e-9fa2-5dd9d5513b8c
1040,a9b88ebb-83aa-4ef7-b674-fabeb572c14e
1041,369fbad4-6fa4-4dae-9842-a69826cd359d
1042,e1564e98-978b-4947-8698-f6fd6f8b0181
1043,06fb1c8b-566e-4cb2-985b-b467c90781d4
1044,98091205-c85e-49b0-954b-d84dab308138
1045,3869dbb7-da0c-455f-ad74-332a9d35d016
1046,ec88cdc3-0517-4951-b5ef-7323e7316db0
1047,70248960-cb53-4ea4-943a-edb18f7d336f
1048,b4946461-dacb-4aa9-a77c-7b3231317794
1049,31e9c35b-2675-4632-8596-f9bd9286f6c8
1050,31745282-b1ea-4d62-939f-226b14d68e7c
1051,1fb60b6c-0f4d-42b4-8a5e-de705ec76660
1052,e3c8b0c8-3fa0-464b-b1f5-119cb52d3817
1053,b5fa29f1-6c22-4321-a488-b5f363b06b06
1054,115eda90-a9f4-4437-9e4d-513daa0d5f35
1055,2fddb92d-24b2-46a5-bf28-3aed46f4684c
1056,c8fb45c8-b3da-422d-a6db-73ac2ee56f77
1057,4279aba0-1bde-40a9-8fb2-c63d165dc554
1058,4306a798-e2f8-4192-9a45-2fd41cdae60c
1059,f98711e5-06f7-43ed-8239-da0f61a9c460
1060,c995a379-60b9-404b-bd97-a7e2de0751d3
1061,6d152109-c447-446d-9a06-3621c920bebd
1062,fd429857-5ace-4609-ae54-1502c3bdac11
1063,d15721d8-56b4-453d-b506-fc915b14cba2
1064,9512eed7-a1a9-4e2f-8cac-c10d1448c1ce
1065,606bf117-494f-4864-891f-09d63ff6aa4b
1066,e1f1e33e-2e4c-4d43-b91b-7064068d3283
1067,592a3b6d-c42b-4567-99c9-ecf63bd66499
1068,194eeda1-e662-43bc-b9be-32fc1afecc8b
1069,32a83250-7e26-422d-b9ac-f4564343e9ce
1070,ce886f30-8b8f-4cc8-b854-3749291350fd
1071,bc641be9-ca36-4c61-9394-5230433f6646
1072,6f28b158-4d1a-4f31-9339-7f381e3c4ee1
1073,1270af14-9c17-4400-8ebb-3f0ac40dcfb0
1074,4ac60dc3-8e50-4c70-be0e-4a4a1298f7ba
1075,679ec43c-bc04-4bb0-b619-2da702a214ba
1076,342e72d6-e350-42c4-814a-3fe1801e65f5
1077,b09bcf6d-3a27-4fd5-8300-f42f51a80446
1078,c71abd83-9d66-4c7b-9f0d-c9c36e85a955
1079,9403a688-503e-464e-bb37-84626c57bb42
1080,183d6ef6-e161-47ff-9085-063c8b897e97
1081,ccd4426f-aef3-48e3-b04e-2e1de3d1f8d6
1082,5182c1d9-c7d2-4dad-afa0-ccfeada921a8
1083,328d146c-79f1-4eb6-9e40-8ee5710c14e5
1084,647221d0-f6b1-4e03-924c-c59b8059536f
1085,6fea1339-260c-40fe-bb7a-ace5c8438955
1086,c79c43d4-cbed-4373-89ce-6560f62eb7d8
1087,4bb712d6-8be9-4c09-810a-eb3bed2be345
1088,350bce49-c21b-4137-b50a-0766ded07e4d
1089,854b0687-f9fc-4109-b59f-dbe84ebc5de6
1090,b9a20306-a4f5-4d3c-8680-e9cdc7e3af5b
1091,1c90eb11-0531-402c-87dc-d578e36ec23c
1092,f16d25c6-556f-42f9-b648-5f48a8f96ec2
1093,5334edc0-5faf-4ca5-b1df-000de3e1f752
1094,a64448e7-8936-430c-ae77-9f556481a56b
1095,32efea44-6cb5-4b4f-bdaa-c8b8f6cef981
1096,7952b266-9fd4-4a09-a324-7dc84f11b5fc
1097,b88f21a7-a1b9-48fd-bbc4-ae758026f17f
1098,6e17c8d1-2493-46cc-88d4-64b848a32593
1099,d6e65033-b56a-49df-8744-6fc3ffd75edd
1100,fca8cdfa-120d-49ec-b1da-0ff8aa90c3ab
1101,b6b2bb8d-54a9-491f-9607-7b546023b433
1102,bfcc6d75-a6a5-4bc6-8282-47aec8531818
1103,8097243f-7a3d-435a-a11e-0c5f886528e0
1104,74134743-106c-47a6-bb8d-5c9efde7818c
1105,87a73cf0-ebdf-483d-8b5a-3db1e5e72122
1106,1043a3a9-6722-4cdb-a28a-6acbad217b38
1107,d50a4b89-ff1f-4659-9fde-f76f8d5b3c89
1108,298909e4-ebcb-47b8-95e9-cc53b087fc65
1109,63011a8d-0117-4f7e-9991-1ef1f337ff70
1110,bc3d74c5-9328-4a1b-8014-3ecdb3dababe
1111,214d84a5-e9e5-4432-af95-8c84da7ba4c0
1112,4e024037-14b7-4aea-99ad-c6ace63b9620
1113,ccb8f30e-4d71-40c4-8b1d-846dafe73e2c
1114,97f3a6c0-fe2d-465a-919a-4269cbb735d6
1115,b91f0973-002e-4237-a39f-c7e02e786e53
1116,6be97d02-b66e-46d5-931c-0a81087fecbc
1117,5dfdca28-9ddc-4853-933c-8bc97d87beec
1118,fd1baeb3-0ee9-4838-b4c7-615c78d68d10
1119,c5539100-4631-42d2-9766-3157ed0a4035
1120,d84c4e93-9c5f-45ab-a4ba-bd79d037eb31
1121,2914ee0b-9055-4dee-bca2-4f385b1e617a
1122,9c0b1b7f-d63d-4e4f-bbec-1e7e7607dd22
1123,c29f4522-f710-4bb5-a06b-d436fcc3b2fd
1124,5508631d-697f-4839-a669-06637e5bcb90
1125,4355a36d-805e-478d-8589-64f0292724b2
1126,bc85da58-52d9-457d-ae8d-5d8d4ec870a9
1127,5e372a49-5672-4fb8-ba14-18c90780c4f9
1128,deeea939-7f89-4762-b09f-79269cd70d3b
1129,f82f3a3e-29c2-42ca-b589-bc5dc210fa9e
1130,657ec972-3ab1-48a8-b472-1f1c210aaf17
1131,265f242e-cf4e-4fbe-a3fe-43112387172f
1132,92ee5562-3c1b-4e02-ac22-aae6261edac5
1133,083b3a38-13c6-428f-9e02-6c306afa5761
1134,1cf39e0b-c595-46f7-9ea8-4d2b14843c81
1135,122d63fc-8671-43e4-9752-34e846d62a9c
1136,0ffb6573-a98e-412e-aa01-0a580e9d8b06
1137,0103c1cc-4a09-4a5d-a344-56ad99a77193
1138,79239441-bfd5-4981-a70c-55c3f15c1287
1139,125948ec-7f91-4d1a-8b83-accbf50fae3d
1140,ad3eb8ea-f541-4e3a-b550-7900bdc4992b
1141,7520c1b4-59fe-4874-8a5f-6d4e6e36e98d
1142,f57e14e4-b030-467c-b202-539453f504ec
1143,00a9f935-ba93-4fc8-a33a-993abe9c936b
1144,b38225b8-8e5f-42aa-bcdc-7bae5b5bdab3
1145,bbd80354-597e-4d53-94e4-92b3a7cb8f2c
1146,e9dfc148-d5f6-425e-b80b-f99ed2bd7c09
1147,86a064f9-3ed4-4621-b29d-d05442c6b1ae
1148,22cbe400-9906-4c47-973c-b7122b23840a
1149,e21857d5-3256-4547-afb3-4b6ded592596
1150,5c2717ab-3b1e-4043-8874-e88ecf391cc9
1151,149e6720-4e4a-41a4-afca-6d29083fc091
1152,75de3363-412c-4f17-ae66-9f4c0cd7629f
1153,847e8284-8582-4b0e-9c26-b042a4f49e57
1154,0a77bec1-12ef-4caa-b36a-f533001fcd29
1155,59a7fbcb-ff74-494d-abd0-9c82359040c9
1156,e0bba708-bdd3-478d-84ea-c706413bedab
1157,09037f07-42bc-46ac-a1ee-37f834451fee
1158,25a757f1-9fbe-4c52-be2e-1a5294fb25b9
1159,35f866dc-c061-48ba-8157-cf2e0eac4857
1160,1fa14a96-c25c-4bb7-b94d-ff453519eab3
1161,daeec599-bf5d-4428-994a-e76ba5f86e2f
1162,618b6900-0618-4f1e-b835-bccb17f84294
1163,e01c3376-15fa-40d7-b747-5f219bdefdd7
1164,584c04d2-4acc-491b-8a0a-e63133f4bfc4
1165,e675295a-1efe-4247-aa3b-53b78d0cdffc
1166,11ae9fbb-f3d7-4a47-936f-4c0a04d3b3b5
1167,2fa45bbb-0efb-4950-9d40-94bf23cbfec1
1168,a3a92047-be1c-4f3e-8960-c4f8570984df
1169,efa2c11a-1a35-4b60-bc1b-66d37de88511
1170,2c916f95-f6ba-46fa-b9d8-dc0d9379f603
1171,23620454-4dca-45b7-8496-066e94d99826
1172,0b6b5e56-9c72-4106-8285-60c4983af93f
1173,c3f28da8-662d-4f09-bdc7-3084bf685930
1174,b185451a-9edd-46df-8046-1db7e9594f5a
1175,d5da1841-9bc8-4813-9f89-11098090148e
1176,8766cdd6-066c-4b14-ba53-c7958e613bad
1177,11eabe0c-2638-4808-92f9-1dbd9c453429
1178,c3694ddc-f7e5-40dd-9fad-90d11a2c50fa
1179,d3ba1c50-d403-40df-8eac-80d74551a7e3
1180,482a5456-7d8a-4366-a2e9-6f38853df632
1181,d3b2711f-2baa-441a-be95-14945ca7e6ea
1182,bc85c6f6-6b06-44c1-8754-ef32c1e6b824
1183,ab4721e4-bc37-4bd2-be8c-8f1550152ad6
1184,10000730-525f-4ed5-aaa8-92888f060f5f
1185,8ac9e35c-e92d-4030-99ef-ba4127b1555c
1186,d82ba5f4-da09-479a-ab18-4b1a122c4345
1187,d67d1a21-6e45-4dd6-aef0-0191ba3796e0
1188,99acd557-c4e2-4086-9be9-85f57184dadc
1189,603ba565-3967-4be1-931e-9cb945394e86
1190,e1e05cce-3922-44e1-8f20-015abe5e309d
1191,6e0c7c0e-cba5-4c2c-a652-38f71ef5785d
1192,6e0ae159-8449-4262-bba5-18ec87fa529f
1193,1b15e90d-910c-4be4-99cb-463772a6430f
1194,1fda852b-92e9-4562-82fa-c52820a77b23
1195,0febdcf7-4e1f-4661-9493-b40427de2c13
1196,4580d83b-093e-4241-91fb-2dd71f5f1f3f
1197,e938a15c-b17e-4e7a-9f68-ff0d536cab44
1198,f6dcd1e0-ad40-4687-8501-5b9a0d1d74e4
1199,d945b088-0eb1-49e6-a232-dee95392ed35
1200,3eb72791-6322-466b-87d3-24d74901eb2d
1201,8c9200b8-8e05-41d5-836e-44a37905560e
1202,8e05a404-3f8d-4b0a-9fc2-b7ab821b75f0
1203,f3e2ad21-900e-46a0-8597-2a3e457a7c27
1204,7b353d3c-2bd9-40e3-a21d-b7da3f941339
1205,4849dbcf-4192-434c-825b-077c9057c119
1206,107c7983-0728-46ea-8550-77e698adf690
1207,b5da400c-9a62-4686-b6fe-91518e57ce5d
1208,9d075d6e-9492-4343-ac95-93a808f61477
1209,a5be6906-b6ad-43af-ae65-ec4f9aa6c40b
1210,a91fbcd5-a74b-436e-ae0d-d2f6bb817820
1211,ff294730-0315-440d-a543-54005779c15b
1212,d0a3080c-57a5-4c35-9389-84a5a2f819f8
1213,47c8f88b-987a-4b64-9175-2b1b57809727
1214,8eed05a5-e9a1-4dda-8b33-e354c4ecc8b6
1215,a3352eff-cde0-4f15-b44a-6f5c3e9cf079
1216,7dc8f5bd-9d0b-4087-9f73-dc164950bbd8
1217,818be9a0-e5a7-4ff5-a190-98d2411d0cbf
1218,adc0f033-95c2-4e0b-87bc-c23ed3f26ce6
1219,ae681605-2801-4120-9a48-e18752042306
1220,5984e4ec-8a8e-4762-a5fb-e7d53436e0bd
1221,bd4d397a-849a-48bf-be24-52eec87feeee
1222,f434ae2b-b203-490d-a8ac-aa9cd51c0e73
1223,7c158ea8-c0aa-410e-bdc1-20bba9759577
1224,b616019a-810c-4b05-a558-ad8406f225ff
1225,024c3b90-9d09-4c67-902f-fdf49649e4f8
1226,382f1005-e9ab-4684-afd4-0bdae4ee37f2
1227,7bace718-5f56-4311-9568-e46a70830605
1228,084308bd-1654-436f-ba03-df6697104e19
1229,c3477250-bc5f-44e9-aa0a-144dd2d7a935
1230,429d5f26-329c-41cc-bdff-17c29dbf1fb8
1231,5b11f4ce-a62d-471e-81fc-a69a8278c7da
1232,aeee5fe5-38f5-41bc-8ab8-9f9aa23e4f68
1233,ee90d1b3-a4e2-4d18-9092-111d856e7e7a
1234,d700b3f5-45af-4d02-95ed-57d301bda93e
1235,14efbb08-c3d8-404c-9ead-ad71fa586ee6
1236,ad79836d-9849-44df-8789-180bbc823f3c
1237,29730ee3-e1c7-4e28-9ccd-3a0e6b0e8103
1238,3a5d1cc7-627e-48ea-aba3-fdd20d782c33
1239,b3a70929-32bc-4ace-994f-434b26ce96fe
1240,a53f5eed-f9f1-4cf1-9994-4c9374904790
1241,9a04dc8c-82f1-457a-a25a-3ff19e1b471e
1242,153c9281-268f-4cf3-8938-f5a4593e5df4
1243,1f574ab1-a46d-4586-9331-f0ded23e0411
1244,b7a05028-423c-49f2-a7ac-68591c7cf78d
1245,5e88b386-cf20-4aee-86b3-5a22cb8c2fda
1246,84800c46-2211-43e0-8a87-bdcbecf91932
1247,3f8a5e5b-c24b-4068-9f1c-afad8829e06b
1248,9854d99f-d954-4c0f-9ae5-58a0cdd885f5
1249,ef2d4a1c-195e-41f4-839e-bdfd3f85adc3
1250,b614843c-bec3-421f-9af1-03169cdd4b63
1251,42555956-bf57-4240-aadf-b58e6762932c
1252,d044577e-aa22-43b7-ab29-cabee5f6643c
1253,9beb62b2-88db-4cea-801e-162cd344ee53
1254,4fbc55bb-61be-4eb7-b4b4-c08c68b4e060
1255,c296e10c-110a-4103-9e77-47bfebb7fb2e
1256,9f336c50-ae4c-4440-bda7-958aa12bc15a
1257,5e857ebe-88f3-4aab-9534-6728c305e427
1258,b5c4ffa2-82e1-4b72-b7f3-c60afb74b860
1259,98fb7792-01fa-4ed1-a15d-20077a47210f
1260,a16e47f5-aa54-47fe-87e4-bb8af91a9fdd
1261,4c730f5d-a27c-49fc-b505-23c2c61a6840
1262,49018fd2-95ef-4f7e-92bb-813159909314
1263,4f416ed7-dda2-45de-a6f1-b986e861cf4b
1264,77c167d2-4965-4421-830a-9815e4956475
1265,10a9ff92-9637-4498-afea-7044b2ab0dc0
1266,ab309b83-904f-4e2c-8d11-a0223bba51f9
1267,c8fc1732-d191-4a29-a33a-410f98eff13b
1268,1ff10dff-7ac7-4e53-bc02-d5c3cbd8448b
1269,39d6c679-b41c-470c-a755-4566bde24063
1270,832a43c7-aa7d-439b-a6b4-4f1afa671c24
1271,5f821136-9935-403c-abb5-e78ddda35e9f
1272,de548477-205e-4802-8908-e71d3ad67be0
1273,8262d8e4-9137-4bb3-a787-3caabbbc13e9
1274,e8414012-4a1c-4ad4-be5e-fc55294e28cc
1275,c2b37a39-c66a-44b2-b190-a69485ae5d95
1276,c147b96e-3428-4604-9b6c-d931f980f684
1277,1723c867-d5c5-4a61-a40b-8c04fa7acf1b
1278,34d42823-6b56-4861-a675-1565bf40d557
1279,8e1e03fe-ebbc-467a-b541-857144db10fb
1280,d25fa5a6-92bf-46a3-8bf7-31149b62eb84
1281,20244d07-534f-4eff-b4d4-930878889970
1282,0bd96fa4-9835-49b0-a1f2-7421e6a79dfa
1283,91d51bc3-bfcc-49f2-b6c4-d6d205d6291b
1284,34cf95c7-4be9-4efd-a48a-c2ea4a0bb114
1285,0881daf1-20df-4a3e-a84f-6476a84bb172
1286,020bfbb4-05c3-4c86-b372-17825c262094
1287,2692cab2-7563-4315-924f-563a59190fd9
1288,24f1766e-9635-4d58-a4d4-9413f9f98a4c
1289,a66cc38c-e6cd-4725-a8fd-7d32b998347f
1290,7570a0dd-5a67-401b-b19a-261eee01a284
1291,ce7bba8b-026b-4aa6-bddb-f98ed6d595e4
1292,baf05baf-69fb-47dd-93c2-033536b8c385
1293,4d8afa16-4018-4ca8-8b5e-ede8f9314562
1294,244afcb7-fa9a-49b1-9aa6-0149512d1c52
1295,255e2420-5b02-452b-9771-0512ebe78090
1296,8e3fcd7d-bda1-4ca0-b987-b8528d2ee74e
1297,af8fd97c-db72-4e30-b2aa-30ebd0c4f1a0
1298,fe563c67-8e92-416b-bd6e-b53a04a42568
1299,bfd5aec5-62a2-4560-a316-7c46c17babda
1300,91eda19b-1437-42cd-b7af-69df24b7f275
1301,a10f94a9-2a3c-4166-b9fa-a7bed0bf7d96
1302,7c20f558-d664-42bd-b6f1-81acf9dbb72d
1303,62dc94cc-f611-4345-87cb-b914796a4a45
1304,8d53ba6e-968c-4f72-9571-4a4f3ed4b3f0
1305,3798b104-01cb-484c-a3b0-56adc6399b80
1306,eeee6fb2-d69a-42e2-af8a-9899957abf70
1307,3393aa0c-56ef-401c-9ca1-db7fae4fb636
1308,0cf9d983-aecf-4d57-9e94-fde2beac014f
1309,e28dbf43-a2d9-4651-908f-1879ad67d30e
1310,79255a50-40df-447f-9612-2cf669080196
1311,5dc8a187-443d-4fb2-a0fc-209ef241b9ce
1312,99ea432a-e3d8-42cb-9d5e-db316a6a8458
1313,cbaafb20-eb74-421a-85f1-2bb6341aad23
1314,7289d10d-d8d2-41ff-8308-c56ec9346e07
1315,8e66ea2b-b57b-47d9-8df0-df4630aeb8e5
1316,23d9d74d-c95e-46a6-be26-a6075c49747a
1317,b904d624-9e05-4398-8f4f-88fbcf022f79
1318,dd3f655b-7bf6-4fe1-9360-3de5d842e9d2
1319,c2e36518-9c3b-4dcb-82ad-a3fc7fe99c67
1320,1bdd1d2d-5974-46e7-8003-2e2ee3176653
1321,f2eef649-a6d5-4114-afba-e50ab26254d2
1322,8dcd04e4-7695-4d80-bae9-1d7d680a38ef
1323,e5c7b94f-e264-473c-bb0f-37c85d4d5c70
1324,87c5dedd-371d-4a53-9f7f-80522fb7f3cb
1325,487bfd74-71bf-46dd-b89c-80b7a0f06f2f
1326,ff460a70-fdf4-4aa2-b021-8a04da76d88e
1327,b4d32cff-f19e-455f-86c4-f347d824ca61
1328,cfa7c6b1-bbb3-4f9a-a636-cbfafb9b4bcf
1329,8a7a4e72-a099-425f-8238-80706fc1c746
1330,f3e2a7d9-c6bb-4848-95e5-04c0a1e2f511
1331,f04cc80e-0f59-45b8-aaf4-ac81035644e9
1332,6e755d2d-0b47-449d-b03f-fcacec33aab2
1333,3c3d3ad8-3935-4c00-affb-768563916f36
1334,0638ba22-040f-438d-83a5-9b670c4adaf5
1335,21985b14-1b0d-44fe-b357-310b29bba510
1336,286ec4c2-b5ca-4f85-b331-280a6d73dd14
1337,7c7f9c94-dee8-4903-892b-6cf44652e2de
1338,1932f5b6-0b7b-4050-b1df-833ca89e5f44
1339,0cc9e56e-a623-47ea-b5f2-1a1757cc2426
1340,e212efdf-98b2-4dce-92ed-62cfc1e29854
1341,6a726ac6-019e-455c-8bbb-571a77bed52e
1342,277e21a9-2d64-452d-96c4-2d23a7af5891
1343,9fa0e4be-4cd9-43fb-8b20-ad07c15b3b97
1344,b5a6ea29-3065-4869-ac66-a44002e55d4d
1345,a066b730-3809-4b39-a091-2297d40b51db
1346,69158f97-4c07-4c4e-baf8-4e4ab1ed666e
1347,66fc5bf8-daa4-4241-b378-9bc9077939d2
1348,5bac9b4f-2f1c-4d39-8d11-231d5b6650ce
1349,8027281d-79e4-4ddc-a8a7-6e6bf9254ad3
1350,2f04ad1f-9f97-41d0-a09c-59c40dfe9cd1
1351,bdbd48f5-abf3-4a4f-9a21-4551dbc3fde9
1352,2b7a7c7f-8c18-4e0c-aaf2-8c6f4e93cdbb
1353,51508c1f-8d07-4a00-9cf1-26c570fe7b78
1354,26f07661-e115-471d-a930-206f5c89d17c
1355,cd08ab5e-a823-4985-975d-3a3438b9b5d5
1356,3f23c754-8049-44bd-92ca-44a4bacb4380
1357,3771a9d7-2da9-43e2-b4d7-9ef8e644b649
1358,40f5d9e4-2de7-4f2d-ad41-e31a9a9fea27
1359,e5add03e-93c4-4f5a-9ffd-ec93f24d8c5e
1360,2251718f-7b5c-4a92-9267-895125c594d3
1361,328068c9-ee60-408e-8c24-b1dc1ae08b94
1362,a42d3fd5-55de-4206-86c3-4fbb5404018f
1363,0daf1c34-212a-442f-905d-c44f2adcc020
1364,8a7bed97-f080-4984-8db5-2ea5c82d8b33
1365,63b2d8f7-45d2-4b4e-8ffd-92cfcbc38688
1366,ccd4879c-5e88-4385-b131-bf65296bf245
1367,0bfba3d3-6a04-4779-bb0a-df07df5b0558
1368,67930b3e-e00b-469f-8c74-fd69f20522ec
1369,000d90ec-d64c-48a1-b775-e726fd240e9f
1370,88679ca2-2080-4cea-8669-41ab4b8d865d
1371,cedd2cc6-c77f-4104-b333-0547b29e0b71
1372,abdad1b2-f4c6-4d13-a67a-f8e4219f83d8
1373,cfbc0924-0035-4d6c-8197-f024653af823
1374,3efd863f-6a5c-400a-9868-6ef533d51509
1375,f26c72d3-e52c-467b-b651-679c73d8e1a7
1376,c2f28620-9372-4af4-b961-cc4b9e44d60d
1377,36e371e9-e76b-4b66-b813-e1d1af6d7128
1378,557ac15e-7800-44c3-bb62-d4ab34ac1e28
1379,9639cd52-c351-4a17-9797-58880e95a7ef
1380,707622da-475f-48e1-905d-248718df6521
1381,9386b36e-87f3-4716-a219-79a07a4e29cc
1382,fe1a873d-2000-4789-a895-4187fe756203
1383,2e547c75-36c1-49d0-984e-b14498c936f0
1384,05851234-4e8f-4cc8-b682-a55c23277d9c
1385,86139012-695b-42f4-98f1-1f353f7230b4
1386,c544ed4d-2390-4442-a83e-1ea2883b09c8
1387,99d7b49c-c18e-4a11-bf3e-b71710938df6
1388,21267448-e8aa-40f5-90cb-f9ef26ccc009
1389,ad73761f-c66d-4149-899d-21f56d1969a1
1390,8bf9b24b-e802-4ab6-b342-b348e20b58d4
1391,a74f43e4-50c4-4b19-a2ce-c05ce9bccb03
1392,1f1f6737-b930-46fc-8d25-110bb99f7490
1393,2f522f5c-111c-4ce8-8bd0-d82e97c227ad
1394,03ad1736-b7c9-412a-b442-82536d63a5c4
1395,8456e9f7-debf-4579-a86c-33a325a35d2d
1396,0383dadf-2a4e-4d10-a46a-e9e041da8eb3
1397,ece57992-dc2e-4f67-a269-fa43626c1a3d
1398,01252145-c9e8-4de5-a480-9b2bed05450a
1399,e9aed5e5-ed35-4244-872e-194862290295
1400,88f219d8-4140-4191-af4b-de81c7c587c4
1401,d7381ee3-d8ac-4622-ae9a-7e659143eacb
1402,ef6e2e49-aa93-41bd-89b0-8c7d2f260a83
1403,42faad37-8aaa-42e4-a300-5a7dae79ed24
1404,451f8f16-990a-412c-ab3a-b61e5d265b55
1405,892500b7-09a6-4049-ba92-2d192dd70563
1406,a1c29c2f-778f-4b02-9ac7-80f0c37cdea9
1407,2e8ac3ed-2a89-4377-ba80-790106aba554
1408,88a4cd4e-5dee-4153-8462-0d5e43c75f47
1409,cc7d4686-ea02-45fd-956e-94c1a322558c
1410,f83781c8-64f9-4657-85bd-51f74d195cfd
1411,852fb986-b0d9-4529-adaf-4f38bc1b1040
1412,48772747-4cda-4ba8-b470-cfd5a32e05f7
1413,72d7d717-0837-4f2a-9641-d0f9fdd3acf7
1414,f4ad883e-9a92-45ed-a540-a49c2d1c36dd
1415,22fa6038-d14c-4aab-a057-d397132e9191
1416,1884ed9c-6fe1-468d-a7f8-8d19c9c4e441
1417,8e8c7417-c905-46b1-b42a-5260b4274ed4
1418,a5511b19-c0af-4886-ab1a-042980644dd2
1419,efaefde1-e09b-4d49-9d8e-b1304d2ece8d
1420,c3c82bdc-d9e7-4836-9746-c24ead47ca19
1421,75a72702-a5ef-4513-bca5-c5b944903546
1422,39a31de6-763d-48b6-a45c-f7cfad58ffd8
1423,41f4d85a-0bd7-4602-a3e3-8c47f36efb0a
1424,eddc0911-21fc-4327-ab90-ccc459ce1ef7
1425,321fdfbb-426b-43f7-8295-fa9aca6348d9
1426,b23e8a63-8f47-4882-b55b-df2c92ef400e
1427,fabb37f8-eb2a-4cc1-a72a-b56935bbb72d
1428,2ddd167f-5b8a-4372-b350-6ad50493bac0
1429,f37b3f31-b1f8-4b88-8cb5-b34f709b17d7
1430,9ef8042a-2528-4f5c-b7c1-5e72b1efe170
1431,6c85f4c3-026c-4c16-9a7c-f546f42ed0fb
1432,f90e8b26-9e52-4669-a5c9-e28529c47894
1433,924fe8ad-53d6-469f-98b5-38beb6cd9c4d
1434,732bb732-4334-4128-b76a-e130b369c996
1435,75167b8b-44e4-407b-9d35-effe87b223cf
1436,3ab7295a-54ac-40e8-b1b2-3d110a143550
1437,abd506e1-6f2b-4d6f-b937-92c267f6f88b
1438,45a663b5-b1cb-4a91-bff6-2bef7bbfdd76
1439,eea8a864-fcda-4602-9569-38ab446decd6
1440,b9ca7096-68de-455f-8a36-1f1ebb2abf2a
1441,7e13cd1c-0300-4d03-bd8e-5f86dd99d74f
1442,c2d25856-a09a-4d15-b404-77dd19c19e63
1443,eec43ebc-815a-4105-b1cb-205b8f57b4fa
1444,2f1e4ada-2b9a-4834-90fa-88d61b73082f
1445,c4b87e45-c07a-460f-9c58-8d15328e2964
1446,0110e63e-0a9b-4818-af8e-41e180c20b9a
1447,9ccfbc94-a4f4-42f7-b6f5-d903ab77cccb
1448,d0400f72-c2df-4cb3-81bd-72fa19aeaef8
1449,4236d929-9a81-4c8e-97c3-8d3306780f50
1450,4b585938-f271-45e2-b19a-91c634b5e396
1451,cd9713d6-6e5f-4143-9412-4d12b7bd47f2
1452,8a396a9c-2e4f-47e2-a587-c26e93a0953f
1453,a32e4aac-1db8-4dc6-be34-a813c4530627
1454,0acae232-d31a-4211-b6d0-6af1b6350274
1455,7ec4a553-73e5-4c0d-a071-a82b83a309e6
1456,aafa70a4-2f06-4975-935e-b283fc87de7e
1457,85af0709-95db-4fbc-801a-120e9f4766d0
1458,1b6ce503-df5f-45d5-86cf-54740c30042f
1459,781167d7-b9e5-48ea-9f66-67c4a6739562
1460,a35237a0-4f47-40a6-b6f3-1e786db23402
1461,fb01635c-51fc-4cad-b71f-62e18bb3433b
1462,ac69016f-42cc-4322-b70e-101458b769aa
1463,456eabce-d1dd-4481-a206-36ab4f2eaeb8
1464,9bbbca84-c6a4-44ac-87b6-d7e8e7930bb1
1465,f7ba7fbe-c6bd-4ac0-bee9-c25c558d7d62
1466,4bb4e4e4-5f66-4509-98af-62dbb90c45c5
1467,2ce02909-598b-44ef-a456-151ba0a3bd70
1468,4f8ef4a3-40fa-46b5-8773-97686a8424f4
1469,6eea322e-ab09-451f-818b-a1348ce14b91
1470,a8e935c6-3fcc-414c-900c-77e8170e7e7c
1471,1595addf-f76b-450a-a097-af852ff35f27
1472,5894dac5-0260-4175-b36e-e34680a859d6
1473,c779e090-909f-4403-a90e-c1d08cdbb719
1474,cb69e1f1-bc76-4df5-93c9-cf97dd8a3b5c
1475,2f94016a-3880-4d8c-9af9-0e197ee77189
1476,b95ce3ff-3d05-4e87-9e01-c97b66af13d4
1477,ca264abf-3eb6-4d53-827b-6ab16988a4a3
1478,8ac6cc32-8ddf-43b1-9ac4-4b04f9053176
1479,4d86ad4e-28d8-4e9f-8cf4-735c57060fdc
1480,3f542031-b054-454d-b57b-812fa2a81b11
1481,05755bf1-380c-487f-983f-d1a02401fa28
1482,14387b0f-765c-4852-852f-135335790466
1483,fbd86487-ccb5-4a57-a860-cc3d360b5115
1484,39b22a9e-59dd-412b-ac3c-0725c807c72b
1485,f1b525b4-ddd0-4d39-85b2-d8fa26a7f279
1486,c48ff56b-0a0e-453c-be56-741d47c33056
1487,68a0067a-7a3a-43d3-bd91-391ea7600d8c
1488,36bfa85f-737b-41db-a8fc-b8825850ffc3
1489,bbc5b66b-d037-4f26-aecf-0b129e7f876a
1490,7cd2d860-c6d7-4be2-af50-57c51ee45687
1491,9df31471-e54e-43ba-bbe8-38fd94c63dbb
1492,8d18b680-368c-4649-a5e3-85e0c2dd6fc2
1493,ea321799-9b1d-4e74-a074-a5facf597d82
1494,4883523d-fc0e-4d0d-802c-91379e767083
1495,e3e4e534-30cd-4979-bcc5-a75c49802f57
1496,cbf11f81-f98d-458d-89e1-194b40ba5b60
1497,cbf9738d-8f81-4a92-bc64-ede09341652d
1498,9de8f66e-3cd1-4f11-8328-38200f0612b0
1499,03cfec4a-9885-444c-9e74-5fbab5861106
1500,1a99cc88-aea3-4fe3-96b9-20791667f65f
1501,54d99b56-f672-4077-8b15-b84c068e58fe
1502,b7834ebd-64ae-46c3-a930-2d3a52ee743a
1503,38d16213-25ba-450d-8665-4e08548e62e3
1504,83b86967-6b1a-4ca8-9cf0-c7cfe047ef3f
1505,0b76f632-25fa-4681-9862-86499c28afd3
1506,9940c604-2456-4193-a403-ab18420bc1e9
1507,78e46ae5-9bfd-433b-be3f-19e993d67ecc
1508,5ca3f318-d028-4151-ac73-78e2b2d6cdcc
1509,d5d97b2b-b83b-4976-814a-056d9076c8c3
1510,64b86e99-b6ec-4fb1-a5cd-f95482d3b57a
1511,5ecc3f72-20a6-47a0-8dc5-fb0b3dadeea0
1512,e9c832b0-384b-4ee6-aec0-111372784aac
1513,18b23026-ed29-445a-9bb4-4e86598ab5a9
1514,b62ecfe7-b2e6-4d40-b7d2-8f12d3f51ed6
1515,ca891d65-d9b0-4258-89f7-e6ba29d83767
1516,f9ab44f1-7b19-4ecb-830c-403abcf36cd1
1517,72c536dc-7137-4477-a521-567eeb840fa8
1518,39ab1aed-75e0-4140-bd47-540276886b60
1519,7252abc2-dfc8-4aa6-889f-2d168b265403
1520,7e482754-d3f6-49e5-b351-235849754e26
1521,6ffb8ea9-2370-44d8-b678-e9237bbd347b
1522,183e636e-d41c-43fe-a428-8a034eb20c7b
1523,4f6dd51e-bfd7-4153-ace7-9316d1757a57
1524,67468e38-0c90-4318-b2d2-0c18b7b1e144
1525,f2fb0ff0-5679-42ec-a55c-15109ce6e320
1526,98a35a4d-a845-4282-bc7c-5679f2bb9bd2
1527,fb821608-35fd-4a45-a4b2-1a0537cee111
1528,ed2ac1e9-d51d-4eff-a2c2-85e81abd6360
1529,c4237bd8-b11a-4f22-b0b7-29beca7daab9
1530,9b58672a-e68e-4972-956e-a8985a165a1f
1531,2c629b8c-d751-4131-b785-5690bb5e0fd7
1532,11c6b106-1c1f-429d-8407-b1ee155d7f72
1533,3630fff3-52fc-4e97-ab01-d68fd88e4135
1534,89af9575-4d72-4345-8eba-e9de3d36ac34
1535,93e8c41e-8e4f-4d08-bbf5-bc1a903b2423
1536,44f42386-a733-4b51-8298-fe5c807d03aa
1537,777a21a8-0d0f-4cf3-86b4-65bc0eba5649
1538,1bc2d696-c0e2-480d-87ed-17b2a82d7983
1539,472b9953-1f10-4aed-b1ec-d0c23ffb2cf1
1540,c4406045-e640-4cfe-8b88-4732cce314d4
1541,e6de1f3b-6484-491c-88dd-6d619f142abc
1542,a18015b2-6584-4110-9f7f-23c95b2b066c
1543,f5b8ea5f-c269-45dd-9936-1fedf3c56851
1544,4e954b02-fae2-4bd7-9547-e055a6ac0527
1545,5fee3020-513b-48c2-b1f7-4681b01db0c6
1546,678d88b2-87b0-403b-b63d-5da7465aecc3
1547,87ac7e25-f278-47a0-b109-5eb131dc96b6
1548,f2cb0435-d643-4fab-9587-fdb0279330a7
1549,a0b2f210-cd3a-453d-937d-e4f2658d17c7
1550,16346cf4-4d2b-40ec-8393-0fc7296d92fe
1551,2b6514cd-d424-45fe-ab85-bd8719f4492d
1552,234bab50-2f04-4d21-8f91-df93ef554855
1553,9dc9f4b0-a7b4-43c5-8f6b-fcd43c426a4b
1554,cd71e6e9-42bb-4a1a-b5ce-17f41682b3e2
1555,a6bfadac-d028-4bda-a5b2-e1468f556569
1556,7a8dbe84-f4c0-4457-bfa3-edced1f8cde0
1557,f035837e-4117-438d-a524-cacf43500e68
1558,3f2a12e9-6398-42fd-b257-2f6abd4aa5fc
1559,906cbb69-b793-463a-832d-b5bf850f01a2
1560,6fe07aa5-fec0-4eca-a456-f29bff451b04
1561,4f4bda3c-d636-4135-b65a-6cc26bc75788
1562,79d60c41-8fe0-448c-9bec-3f43c10f860a
1563,6f2dfabb-f0bb-4801-a392-592489a148e7
1564,b83bc61f-8451-4a5d-8b8e-7e9ed295e822
1565,0356daee-ec48-4495-bc3e-460b8a5eacad
1566,37d29a0a-4f5d-4a53-917c-bd0e897c54f7
1567,bd513de0-e42f-425e-ae46-817d7bc5fb1c
1568,4753fcb7-9270-493a-974d-8daca4e49125
1569,0f96c38b-8e21-4571-afe0-cb11196a8acd
1570,919ccb96-12da-48f5-bd91-ec410d956048
1571,c7732cf8-e9a1-46f1-9133-84d930f3187a
1572,8de149a4-bbdc-4d15-aeea-0d66773c9f80
1573,c842d29f-a297-48cd-bb71-4f77fd672b16
1574,6606c527-376a-47b4-bb35-748d01e14f6d
1575,bbd2ffd7-17f4-4506-8572-c1ea58c3f9a8
1576,7bd92ac9-6b2e-4e88-812a-60499ec60a9d
1577,371f152d-1643-4b54-b32b-dd13d4c23442
1578,582fee78-d934-4603-9f5c-1729e0ca36b7
1579,fa4ad5f5-568e-498f-ba98-9ffc18e54ff3
1580,4cc51547-88ae-49a2-bf7e-0ef65ee7a94c
1581,72359492-22be-4ed9-aaa0-efa434fb2b01
1582,d735497b-25f9-4503-8fb5-f50150730c18
1583,674a7e8c-9682-419a-8e05-2358e28b5359
1584,f82bcf78-5b69-4622-a5ef-73800768d9ac
1585,5e94030f-c3c7-4777-a5af-5ecfbfc37bba
1586,c76b85c5-56eb-4b05-9d48-da395e56796a
1587,d2a79d20-1304-47fd-a998-b4fe1ec78373
1588,66ea0139-149f-4a0c-8fbf-5ea9ec4a6e49
1589,4a4ee089-93b1-4470-af9a-6ff575d32704
1590,40842674-a794-4580-a0f5-e43d5b600729
1591,e69c8ccb-25b1-4c4a-89c6-8fdad1172951
1592,66cc244d-6f96-4668-a6e9-0f9cd5acc940
1593,6e019bc6-5c23-4935-94f0-4a896631d846
1594,1305bd7e-27ef-4236-ae87-0a7d435234ca
1595,ea4dfa26-f633-4da6-a52a-f49ea4897b58
1596,21685b15-3074-446e-aa1d-ff7157014f53
1597,23d8426c-18c7-46e6-a51d-7395bd43c641
1598,5e5480be-eded-44ad-9c45-f6136ec2f5db
1599,a871fd87-50f7-4032-b06d-da56779edcce
1600,822e92ef-72ea-42e0-9af1-b987816b487a
1601,d3fe567e-0681-48c8-9735-6cc9942629f4
1602,39076047-fce8-44cc-a388-4f6baba4acb4
1603,6b335658-22c8-485d-93de-0bc29a1d0349
1604,9c9f1380-2516-4fc9-a3e6-f9f61941d090
1605,2ee6f445-005e-40dd-8bb8-474849216a38
1606,0c751690-c784-4a4f-b1e4-c1de27d47581
1607,c648509e-9916-4c56-ab63-652a03da16dd
1608,92d37892-6186-4459-9cc1-f0dde57652d0
1609,6a65d878-fcd0-42cf-aff9-ca1d636a8bcc
1610,3d46727d-9367-47b8-8b8b-f7b6767f7d57
1611,c78a5d46-c631-41bc-8772-439002e3d3aa
1612,16231a34-9ccd-410e-8690-f74e98fe16a4
1613,32b90c92-9978-4a07-90eb-caa4b22f4907
1614,60a23fda-a440-4ab9-a344-7dfdd2ed341a
1615,98ed42ad-aafa-46a8-899b-150fa237133a
1616,dfe9a7c4-8cf2-47f4-9dcb-d233c2b86ec3
1617,af6bd973-3e30-4339-94b5-85b139362e6d
1618,be0cb2f2-71c3-4e95-a584-c19248951ff4
1619,3ac482b8-1494-4071-a0e9-f192f9d2c2b0
1620,3eab4de9-a578-4327-8909-f90ffc1b8ae5
1621,b8c5cc4f-239f-4e02-b46f-b040b77c2030
1622,0396220e-d266-4980-b5f2-b0926d905bec
1623,44e14e88-b17a-44d8-9e94-f3afa977239b
1624,29bb04d6-5602-464c-8577-f55a27511b27
1625,62162215-b023-4f0e-84bd-1e9412d5b32c
1626,553d8166-27b0-49fe-b8e4-89a984e2c375
1627,cc433a77-176b-4d02-857b-2bfb68b3219c
1628,a8806b5c-3ee0-4277-94d3-1a5427a7707c
1629,092ca127-2e07-4cbd-9cba-e412b4ddddd9
1630,27613b78-1b9d-4ec3-9db5-fa0743465fdd
1631,c14b4180-dc87-481e-b17a-64e4150f90f6
1632,b2dbfc09-b332-408b-a235-1850e41971c5
1633,79e98efd-4515-412a-af83-df381f5badd6
1634,8e67406d-de61-4e6b-a2a1-5a3725484527
1635,eb8ff09f-0b63-4c5e-96dc-b6dadeb794ac
1636,1517c06e-2fe2-452a-981c-b3d9077e0520
1637,d91b3683-4622-4d72-8a03-80f1ff59e639
1638,2119beb8-6ac5-4f21-82a4-b831c90c0024
1639,f2fc6ece-5615-4d2c-9cb3-8c5d51a839ea
1640,69ec6867-bda0-404b-bac4-338df8d73723
1641,ff95eb47-41c4-4f7f-a104-cdc30f02e872
1642,9ddd7abc-9e1b-471d-8031-583bc6bc8be9
1643,c7020c6d-cae9-4db3-92a7-e5c561cbad50
1644,16456fed-c9f2-4adf-b6ea-97b648c474d2
1645,ba0d6274-db14-4ef5-b28d-657ebde1a396
1646,d9a2f1e6-6429-41ce-9d32-9a66188fb39c
1647,5ffb73c0-b739-4231-ba22-f8d361be1d45
1648,b0799818-22cb-4564-8e68-3c410d0722ee
1649,0eee89dc-7d86-4a15-97be-011652c49288
1650,40985bd2-6d44-4c86-bd16-35cad449cce3
1651,fc015f11-be38-4b7d-b3e8-5d809242ecec
1652,72d3dc3f-3984-42b9-89de-42d6eeb1abf3
1653,6faa7ca7-0d99-4a5e-bfa6-1fd5037520c6
1654,9ab19acf-06d9-4c92-bd5a-8c945488d45b
1655,01d3c51b-9b98-418a-8d8e-37f6fab59d8c
1656,64deac19-021e-4dc1-8d11-658be8763589
1657,561d854a-6a28-4aa7-8c99-323e6ce46c2a
1658,8d552dfc-648f-401f-90de-e925013ca537
1659,ef90f210-f136-4386-ab37-8c00d04eeace
1660,7f260b9c-bea7-469b-9ba8-0daec7d2c85c
1661,364e1151-40f0-476d-a437-8fc6427262e8
1662,d4d17620-fd97-4574-92a8-a2cb7e72ce42
1663,91e2e08f-abd7-44d6-9a84-b8a4afa8a265
1664,b21ef19b-c6aa-4775-90d3-3cc3e067ce6d
1665,78ea5ea1-3c4d-4b7e-ac5d-68900319ebe2
1666,4f615cfd-6365-45ce-8b2c-b461c1b3c164
1667,be540c02-7898-4b79-9acc-c8122c7d9e83
1668,0d82f0cd-107a-403f-a726-ac7287cbea65
1669,56abaa47-0101-463b-b37e-e961136fec39
1670,65f4f0c5-ef9e-490c-aee3-909e7ae6b2ab
1671,013fa897-86db-41d3-8e9f-386c8a34f4e6
1672,a11aacf5-fcbe-47f9-b065-75f4466c00ae
1673,6386ddff-0d13-4685-9f0a-a82bf022fb1c
1674,ba853904-ae25-4ebb-89d6-c44cfbd71bd2
1675,d8df96ae-8fcf-4997-b3e6-e5d1aaf0f69e
1676,24762087-34ce-4f65-b743-7d8402cf30dd
1677,936addc3-91aa-49de-8ec0-0dc186de151f
1678,6e650a01-6489-4dc8-85e1-8ec809dd72a2
1679,cf15719f-51f9-4db8-a15d-5eed9664ce69
1680,125ec42a-7229-4250-afc5-e057484327fe
1681,2d67239c-aa40-4ad5-a807-9052b66857a6
1682,53b106e7-0cc6-42cc-ac95-ed8d30a3a98e
1683,dc3dbfc1-f1f1-49c6-9d7c-425fabf3ae12
1684,e7ad821c-7168-4f98-8998-84e8a12de9e2
1685,d75d1f08-bbb8-4eae-9877-399ca9121197
1686,bb1f91d2-1b54-4ee5-b55a-626492a5904f
1687,5bb2a9c8-3505-4c45-9717-19f0f8f35425
1688,5e7ccd92-6277-451a-aab9-1efd587c50f3
1689,d70416d3-c006-4a8b-aebd-91a4f198591f
1690,9701356d-08d9-45ba-975d-977ab466e7be
1691,fbd2a255-1d57-4d31-ac11-65b671c19958
1692,5adb8b74-54b8-4700-836e-550b6a2a2f71
1693,182d5d8a-94c7-4ef4-8222-a1838353a37b
1694,a1154343-1ea1-4007-97d3-2382482a90cd
1695,2f569e60-0a1b-4fb9-95a4-3dc1525d1aad
1696,57961a97-3796-4bf7-9f02-a985a8979ae9
1697,f74c7996-4c0b-4ebd-b1e7-219e21c41286
1698,50a32791-ee43-4c67-aabc-3dc65e4a9838
1699,c4153c51-b4ac-4183-beb3-c5dbfce39176
1700,57805d77-f947-4851-b7fb-78baad154451
1701,a1d77dd4-8728-4a47-bdfa-9663d791139c
1702,5365f55c-b1e1-48f9-b09f-078f7a14cb1f
1703,1c89bbcc-a253-452a-9181-546eb536e06f
1704,34ec9a8d-c65b-48fd-bcdd-aad2f72fdb47
1705,ff44857a-5f7b-45e5-b1c3-aa76f98ce6b4
1706,e5db18cb-4b1f-496d-a308-548b611090d3
1707,2f360fd9-6440-4896-9f45-8156e8b0b204
1708,9c306413-56b6-4ff6-982a-7e4b87d01340
1709,29ed4a49-fb99-4a5c-8713-609cabe6f34a
1710,fa34b363-79df-434f-a5b8-be4e6898543f
1711,5275425d-3cdb-4a9a-b9eb-3e246ec69881
1712,c3d6fdd5-67c5-453e-87e3-d17a00a52879
1713,17b53d9f-5c63-4a09-a593-dde4608e0db9
1714,3ac2a4a2-52b3-498b-bbc8-31443c68dfe0
1715,83766a73-9c8a-481e-82ca-11853015cd2d
1716,9d30e408-1559-448b-b491-2f8de1583ccf
1717,6a0439a1-4520-443b-9bf1-02acdf692d6e
1718,6e9ac29b-798c-4af7-8d9e-55cdc72a999c
1719,f97b55a8-7d03-4ebe-a277-a9cadc2a9f86
1720,b5bd9f88-962e-4730-84a7-795592ba42e8
1721,3c0eb318-d2ba-45aa-9077-b83746cc56da
1722,90218af4-4d58-4821-8d41-2ee295ebbe21
1723,39a1b293-8e17-4a1c-b50b-034c40e24461
1724,ef0344c6-e24d-4fd3-be7e-c4eb9f62be2d
1725,6cb79cb2-9087-44d4-828b-5c6fdff2c957
1726,73fdb566-a9b1-494c-9f32-51768ec9fd27
1727,bbc8d6b5-a3e3-4d51-9f4e-565e9ef94967
1728,630662ea-1c7d-4208-99fd-ba3afec20f0c
1729,2a85ecff-41e9-4be1-aca6-c87054a4c334
1730,99164692-c02d-407c-81c9-25d338dd21f4
1731,6ac47f31-3b2e-4f95-bef0-ce869af4ee98
1732,944655bc-16b1-48d2-b4ff-f73654612fcf
1733,b2a9731b-9e13-4ff9-af21-5e694a5663e8
1734,57c1e5ea-e08f-413a-bcb1-f4e4b675bead
1735,864d7069-57dc-45f6-b408-875b35106dd3
1736,a04e7da2-998b-4e36-abaa-014c00b93622
1737,d352f5dd-3023-4565-a7bb-52396bf8821d
1738,f7eb3be3-1065-4a53-94d4-e2d0c15c0b33
1739,7b1cf87e-c54f-4abc-893d-90245a31900d
1740,c485632c-b784-4ee9-8ea1-c5fb365681fc
1741,29762c82-bb92-4acd-b1fb-09cc4da250d2
1742,1e6d7f54-95b1-400f-863c-2a72a7494e59
1743,299278d3-25dd-4f30-bae4-5b571c28034d
1744,dc0d05ce-2f47-4962-b4fa-8631a0a51987
1745,55821c25-bd47-4f67-baf8-17ccd2cf1c86
1746,d9951785-7906-4daf-9a60-21753bf64aa9
1747,5f6be871-eb98-42f1-bce4-5a3d8212c281
1748,881c5eec-ab10-4523-98cc-0abf43900065
1749,455aca99-38f3-47cb-aa6b-820cf9de3c91
1750,2ad3b5c0-85aa-4acd-8680-a90ac100133b
1751,68bd8072-0412-44b1-81dd-807aa6c1918c
1752,000fc734-b7e1-4a01-92d1-f544261b43f5
1753,33b3c323-77c2-417c-a5b4-af7e6a111cc9
1754,cf042013-3edd-46c4-9b0e-a62faac98d0b
1755,47b8b42a-96e8-46fa-9ea6-70c5136ae971
1756,313a0007-b9d3-4036-921a-ce311f9795ad
1757,ef2c6449-d02b-415b-ad8c-c14c08266552
1758,788ad31c-bf0c-4a31-83f8-b8b130d79c76
1759,66da25f9-1534-4dd1-b88c-718bc24e1ccd
1760,f7c65346-9631-4220-9188-5e90baae58d5
1761,f47fc54d-b334-4321-8218-00c5b11d4dd1
1762,1c5efd53-d6b6-4d63-9d22-a15025cf5f07
1763,e795e03d-b5d5-4a5f-834d-162cfb308a2c
1764,6f81a7dc-be31-4498-ae95-6d994ffec614
1765,25b75a66-ce83-4db3-b136-395a3c3784c4
1766,bcbc08d6-4615-4f40-963c-5158ebe2b9e0
1767,8f7bf43e-2a13-431a-a274-19e28965fe07
1768,a1684a49-feaa-4150-b758-d9412fc59f12
1769,451f9db1-f75f-44f9-b218-f8bdf22035a1
1770,215c6ab2-7888-4061-bd56-9fb650328106
1771,ea075268-e5ea-40f7-b9c3-68b039218a88
1772,5153eb0e-b6dd-4882-a24a-7d464c153962
1773,d89de379-665d-425c-b2e9-41b95d1edb36
1774,e919b253-da5b-4aae-a444-6a368376a2d6
1775,bc5e2ad6-0a4a-4d90-b911-e9a7e6861727
1776,10adbe5e-a2c0-4bf3-8249-2b4cbf6e6ca8
1777,35723b60-732e-4bd8-957f-320b416e7b7f
1778,3e55d51d-687f-4a9d-af96-2fabccf802e5
1779,6ae51665-8261-4ae5-883f-1899651ad31b
1780,14b22b4b-06d5-4b82-8284-29d29b58945f
1781,c3bc80a6-1f4a-4e17-8cf0-6b1efe8302f1
1782,d8915e13-d67a-4aa0-9c0b-1f126af951af
1783,e2c00c56-8365-4160-9f40-a64682917633
1784,a41ac10f-0a56-4672-9161-b83f9b223559
1785,57652bf8-cfe8-42e7-b9a7-5572a7080d8d
1786,ebfc1398-8d96-47e3-82c3-f782abcdb13d
1787,81df2271-03a1-46a3-bb30-cce187235312
1788,24ea074c-59cc-41c5-a5de-f68c2952965f
1789,e9c97fdb-9fa0-4955-9a6c-1c43e1ac3f64
1790,30f3486e-1def-4fc4-b47b-5283eca9295f
1791,4593d49a-7f67-46ba-9ec0-126bd676286f
1792,0c502791-4ee9-4c5f-9696-0602b721ff3b
1793,39e32995-6515-40b2-a6f0-841524047edc
1794,3b221a54-54b9-435c-a7f3-5cf8e2ce9fb2
1795,584b72a4-45f7-46ce-b440-e9ee579d71c4
1796,5b687684-ad34-4a9f-b425-0e7aa81fbd38
1797,2c7e21ad-9b16-42df-9f9b-d583ce70a88a
1798,0f82d6b5-12fb-4569-b047-a00194f572a7
1799,5c4c90a4-539f-4101-83cf-301bc6a94e06
1800,92d48f3d-a9cb-4011-a002-2e9ac3a6843d
1801,534ee493-bfac-4575-a44a-0ae41e2c3fe4
1802,aa7a2827-f74b-473c-bd79-03d065835cf7
1803,b7dc7c76-53f1-49ac-8dc2-d469ed7f8e65
1804,1a1cd7f3-e5df-4eca-bae2-2757c9e656b5
1805,ea9078ef-20ca-4506-81ea-2ae5fe3a42e8
1806,1eeaf46d-4991-4e95-8068-927627ccfc18
1807,a83ec79e-bcbf-4872-92e5-8c7ca1bb8ff2
1808,d5be5333-4171-427e-8e12-732087c6b78e
1809,f1571db1-c672-4a54-a2cf-aaa329f26f0b
1810,789e5db3-502b-4f13-8039-88c70e053fa5
1811,cbcbb22c-3a8d-46af-b4ba-09c98f0d7931
1812,48df54af-a70c-4ba1-8489-33688c001ac1
1813,f24c343a-5c24-4633-8ae4-9a3e8cc1eee7
1814,b0335a95-8a12-4c71-8149-5054ec847d04
1815,bcb95908-5c6e-453a-97fc-d69003d250ff
1816,e83144dd-bb95-49fe-b1dd-00bab25cca9e
1817,735e3514-a8ae-401f-af3b-6300df1b8d2c
1818,64b94289-9474-4d43-8c93-918ccc1920d1
1819,1f5ff245-2837-4d4a-a609-e93e544478c3
1820,664c3e0e-42d8-48c1-b209-1efca19c0325
1821,8b46a7e4-704d-4f8d-973a-a0ab8ea8249b
1822,c310b8e8-468f-4189-9b72-9589a2ff275d
1823,8247a3f2-3a8e-4256-b322-6c57b03a4e36
1824,d292b4cd-37bd-4a88-a823-8710f273cc31
1825,931e1d1f-6b2f-4ff8-9f70-aa537210cd46
1826,4fd53e84-ffa1-4434-9146-3fab25ece7e0
1827,f4d5cc07-3bc9-4836-9b15-88a08359bc63
1828,93eb7110-0bc9-4d3f-816b-4b52ef982ec8
1829,8a7ca8b0-d23c-4eff-8fe9-6220ba5c9c76
1830,6a2ca1ac-408d-49b0-a7f6-cd608f2f684f
1831,2a9ea5bf-fc08-4fbc-ab73-17afa7906a52
1832,3d65bead-6eae-4012-8665-d5f593ea4a62
1833,01809552-4f87-45b0-afff-2c6f0730a3be
1834,05071a7e-e71c-4306-a509-591cd3686893
1835,55fd865d-4a0d-4fd0-af19-7e6feb168ab8
1836,199d0ab3-22c0-4c00-b99d-257f591dda1f
1837,453f1594-112e-4d3c-921a-8d14e9c97b2e
1838,e6e1e76f-afee-4990-aad0-056199d94918
1839,1339fab0-3ad8-4b8e-afac-7b7ae34509c7
1840,4c98aa1b-34eb-4336-987f-5e50aa059c00
1841,78192f3c-607b-4190-a02b-8e036887b9a7
1842,61386f55-12b6-45be-baf2-7c9406965808
1843,52b9e109-44a0-45eb-a197-226c4abab232
1844,2e04a82f-9118-43b1-a918-bf84f122f7fc
1845,00565b31-14a3-4913-bd22-385eb40dd13c
1846,230ca093-1d00-4c57-9235-147942f66930
1847,7677be48-16e9-4c84-9365-a69dd6f2df55
1848,6821bf3f-5d5b-4b0f-8fa4-79d2ab2d9219
1849,10a402b7-0e50-4479-b007-9cfdd5eaa287
1850,081b133e-ce74-42ba-92c1-c18234acb532
1851,a0327dc2-dc76-44d5-aec6-47cd2dff1469
1852,fc7376fe-1a6f-4414-b4a7-83f50ed59c92
1853,45074d7c-5307-44a8-854f-ae072e1622ae
1854,ab74e46a-714d-4c2c-90e7-b0638c863917
1855,a1d69fd9-0096-4a60-b277-de34e5a77fca
1856,6080c60a-6e87-44a6-a1e1-e5ff3a613818
1857,95e9aba6-f85c-48a0-9ec9-395d4f0e3875
1858,6e64cbfa-1a60-450e-81f4-c044c868ab24
1859,f3b8e107-abe8-4743-b6a3-4a4ee995e71f
1860,c07f0676-9143-4217-8a9f-4c26bd636f13
1861,a47c3aa2-7d87-475c-a2c7-1e2047dafb09
1862,db76c5ca-d555-4f09-b1db-baa1b713d875
1863,8434409e-baa9-4e12-b4aa-566a91c7d7cf
1864,951d2103-9c7d-4849-ae60-88bf6aa4790b
1865,ffb18e19-64a4-4a65-b4ce-979e00c3c69d
1866,3414d446-735a-443c-931f-10634f57e5b9
1867,63b43c69-b822-4268-bdad-bcde12531f50
1868,e22d2f66-881e-41ca-9356-544697ee5f90
1869,bf24ca37-25f4-4e34-9aec-460b94364cfc
1870,8385f26a-f374-4a04-9aad-4442ce24db2b
1871,995a32e1-b1a6-4836-8abc-953c8b2f5094
1872,eb55f2c5-e7dc-4697-9ed7-864438d10eb6
1873,e9e2a634-984f-4c10-bf7b-7970179e1ef1
1874,8ef1df30-ae4f-4dbd-9351-1a32b208a01e
1875,ffe9ec08-6b6b-4993-9394-e280b429dbfd
1876,92dc699f-fcbc-4278-afbe-40b5ad060a55
1877,6b49dc39-cb6f-465f-980b-bc17a271da34
1878,bd3b1f63-946b-400f-acd1-cac0c1aa2115
1879,9390a27f-d63d-43ac-a771-a0e0794fee61
1880,dcaa4f81-bfb7-44eb-8594-4e74f004b6e4
1881,0a176d0a-ef46-4e7f-b018-9f4d65614668
1882,2fa0d3ac-b64c-401a-b0a1-4915ba6cc157
1883,ac82cb46-f2b2-4f99-9cfa-d0c322a4ba16
1884,c0b2500e-0cef-4130-869d-732b23ed9df5
1885,2d1d8985-47bc-4244-8cc3-577584e411f6
1886,cbc9199f-944b-42e9-a945-627c9fc0ba6e
1887,e25216bf-b0ac-4bd3-bc5a-1f82a7d0274f
1888,c16fbb7e-57b1-462c-97c5-bd0e11248765
1889,28da4778-94c2-4c44-a053-c96e1c366eb8
1890,1d93c839-22e7-4f76-ad84-d27039efc048
1891,92bb085a-2924-4479-b627-181a1835d2f5
1892,f053ae01-dae6-4aae-9883-e8c279fdbef4
1893,dba7b6f3-8123-4a07-99d6-306acc41b7cd
1894,d94f79b0-c690-4a60-9a45-a37a11b78051
1895,a02b1a45-271c-4bc3-9d82-68bb896cb5fd
1896,1afcd689-9be4-4d1a-a9fa-49e086250f51
1897,43b58c98-3779-4b04-9a23-1c95cca3a145
1898,8f92558c-2baa-4758-8c38-615519e9deda
1899,2ecbd923-9daf-4f18-9250-e482ccec4c28
1900,94b7a39b-f3cc-4796-90dd-b1786a62877e
1901,ce55e49a-32f4-4757-9849-bf04d06d5fcc
1902,ccc7485d-52b8-4d11-820e-5fabe43ccf20
1903,7892c869-1e2b-4b38-8540-4caff7dd2b49
1904,7928481f-848e-4551-b658-472c0aaf0c85
1905,ff7f80cd-05c2-4068-a00e-fbfbd453d049
1906,f180cec2-9421-4417-a841-c7372090d13d
1907,d7311646-287b-4d3a-9a4f-7d46f93075e5
1908,b10bbbfc-cf9e-42e0-be17-e2c3e1d2600d
1909,aaae25bf-c794-45d7-bab7-cdc7c655bfa6
1910,2645702c-97a3-45dd-b408-707362116101
1911,ef4db186-ff43-4708-a713-3ce1e05657a1
1912,1138a764-2212-4d0a-b02d-0dc14df91e08
1913,ea5883b7-68ce-48b3-b115-61746ea53b8c
1914,e471b63c-c3b5-4f62-a971-cd0b2273838f
1915,2e3b75d8-00a8-486a-b4e7-a1f8f65e64c9
1916,b202beb7-99bd-47e7-8b72-195c8d72ebdd
1917,d614b0ad-fe3a-4927-b413-48cb831a814b
1918,1ea2c08f-323c-4207-9af1-e2fb8588f08e
1919,a94a7155-c79d-4409-9fcf-220cb0e4dc3a
1920,1de93a63-3a9f-443a-ba8a-a43b5fe0121e
1921,66f0dcaa-1680-4ef3-9b63-8b2ac24d0b58
1922,0cdb0359-5698-487d-9aae-a25fb4dcdc4d
1923,9a709693-b4f8-4da9-8cc1-038c911a61be
1924,28cbf94d-0700-4095-a188-37e373b069a7
1925,77d21c13-846f-4f48-9546-873949eff6ae
1926,c860af48-e9c1-49cd-b441-8d18e9f522f2
1927,7113aab7-628f-4050-ae49-dbecac110ca8
1928,061c4920-3ea6-4835-98f6-02f3b82f5e3a
1929,7d209631-ccb8-4a87-8516-64abe4c22dba
1930,e01646f2-2a04-450d-8bf2-0d993082e058
1931,b9a2a9a6-7a40-48a6-bcb1-8eff5b89ad5b
1932,9fdaa16b-a6c4-4831-b87c-bc9ca8ce7eaa
1933,5e8da504-c75b-4bf5-9dfc-119057c1a9c0
1934,887871f9-3df3-425c-a5b3-90c4d7862190
1935,5b24fbab-c58f-4c37-a59d-ab232e2d98c4
1936,8bb436cd-8fbf-48c6-9fc8-a172c27e24ba
1937,2ab30461-12e3-4c97-b716-c39f13015d29
1938,76b2e842-5e85-4c97-ab62-d5bc315595b5
1939,c78a77fa-507c-4c07-947a-0355029453bd
1940,65314b12-0e08-43fa-ba33-baaa7b874c15
1941,49576e42-fbbd-4d73-968d-93c8dcf7f065
1942,a6de8ef9-b1a1-4756-97aa-481bbb8a4069
1943,9b21f670-8359-4e11-be1d-bf75b649a719
1944,82eb8936-7bf6-4577-8320-a2639465206d
1945,07eb40a2-2914-439c-a01d-15a685b84ddf
1946,e6424fa5-08d3-41c6-96f3-8549f733708c
1947,3599a39e-4e10-4cb5-90d4-c8a015ebc73b
1948,cd8c5019-5d75-4d5c-bc28-e1e26a7dd5c8
1949,696d8523-39a0-44e2-9add-afaa183a2f46
1950,1cc5adcd-1422-4b5c-a3cd-3ecd4f43f506
1951,41aa2734-ec86-4197-a074-d44886e7da8d
1952,f969f986-97df-4fa0-8cef-ffccd098ff50
1953,d2ff6b6b-fc30-48dc-8952-06f9d8fc64f8
1954,fd3c3f9f-a471-498e-ab3a-940ac20b6bbd
1955,3f2e771c-6559-4603-8c4a-90c89bc94aa1
1956,309c62ba-7a22-4277-9f67-4a162526d18a
1957,535d32a0-9b0f-4324-a4cb-df2abe6ede69
1958,302bd7b9-d012-4360-897a-93b00c855680
1959,6758601f-6d57-491e-a125-037f382a5ddd
1960,8682866a-4f7a-43f5-83b2-06eabd0f2d4c
1961,f6f2326f-6b25-4170-b89d-e235b25508e8
1962,c1b33d24-743b-4a5a-8c5c-63b3362cee6e
1963,596ffa74-3d08-44ef-b113-765d43d12738
1964,ca5b38c2-f39d-45a4-ad3d-daf4448846ef
1965,709b6c87-4870-4596-b981-afdc61f39476
1966,032f633a-db44-4ab4-af09-a892de2a8773
1967,b3c94036-6166-41d2-91a2-dc3a0b5fa188
1968,e11051f9-0098-41aa-9edb-8dacd8f1c6b5
1969,0c6b687a-1225-47a1-b6a9-55381755ecf4
1970,8b2350de-b682-4fe7-ad8f-4508d7b6c697
1971,5d02f264-e225-41ff-83f7-d9b1f0b1874a
1972,e940d7a3-01d0-468c-86ea-5dc4d89dcf80
1973,5385c403-1c49-4f2f-9b98-7085b5c84371
1974,87225a21-c925-41cd-852f-be4b052d0824
1975,c80f38a6-9980-485d-997c-5c1a9cbd0d64
1976,03d8f83e-a647-4bde-968a-189c0f147783
1977,6e4277d8-7b64-44a3-b823-13bd15114e22
1978,22a40b75-affc-4e69-8884-266d087e4751
1979,f59c5520-5f46-4d2c-b2c4-822eabf53419
1980,ceafdf2f-bc18-4b99-8c71-d1834b0065c3
1981,ad279295-653f-42e1-9aaa-b731df2e78ba
1982,5e6c760b-42e0-4df4-a221-0269355da00a
1983,6ee8668b-b4e1-48cf-ba25-a6f7c8bf864d
1984,fb7272ba-f130-4f0a-934d-6eeea4c18c9a
1985,a63df8c3-28e4-41db-bac2-c6c6e8ff8f28
1986,2f548675-008d-4332-876c-108b0c7ab9c5
1987,a436dd02-0549-4c91-b608-df451217fdeb
1988,6318e724-7e6b-4e41-a35b-080065077c80
1989,fbcd7b29-455f-49e6-9c4f-8249d20a055e
1990,349fd7a7-183b-4139-a4ee-1d9b7146f8a1
1991,8067c102-4996-42bc-9980-06ce2e644eae
1992,ac9a487a-d9d2-4f27-bb23-0f4686488345
1993,69b39eab-6577-46a4-a9f5-817839092033
1994,45be8e20-3c3c-4e78-98f0-b5bdecf2f703
1995,e0953daa-860f-4dc8-9f1a-b12587cdaf17
1996,5a8688d2-696f-4060-9dd0-f772886ff95b
1997,82a5b152-ee60-4447-939a-dd5a91cd7c38
1998,8974da95-e631-45aa-8fd7-aa0c2795f997
1999,ab7ebf8c-059f-4071-93b1-dd3ae80d60b2
2000,39c2a93d-9afa-4a22-9bba-c087ab056e1c
